date,DEU,AUT,BEL,PRT,ITA,LUX,FRA,NLD,FIN
1959-01-01,1.9313211116476598,-0.44808362467127,-3.0665749314474433,10.784096087167429,8.087868147361165,-2.5178149036201334,0.20866197297221234,0.8948948948949665,1.6841474637485503
1959-04-01,5.94084216347619,2.095443744825569,5.292252040889189,9.361010900942839,9.765680115414677,3.750086432361691,0.9972689006099823,0.4498425551058233,0.5605850065273943
1959-07-01,7.968084283797917,0.3193862752760423,5.714692488155084,11.921409966454739,10.284335368282633,6.79319780144932,0.601838909291376,1.715367965367933,1.283302239219233
1959-10-01,11.475873698033732,1.384562385271691,10.163620611122658,10.927057382015754,15.242798007497667,11.504189392448069,1.007689622729183,0.4115226337448133,1.235641247518698
1960-01-01,12.554070427396432,0.9312067251678297,9.75928688041842,5.548720304200789,15.99640088629227,14.193439809527268,0.44426665857702696,0.80811049074352,1.0124605651574854
1960-04-01,11.708892768938115,0.7052767500614974,6.59556153492445,8.938358639422784,18.768044602006967,9.119343580272657,0.7822485528691403,1.18124769287548,1.3350265961572365
1960-07-01,11.62203195724031,0.3324535955069033,8.978725283377477,6.371337987776549,17.470776517071933,9.454922822555957,1.0981609050453243,0.38759689922489665,0.14621326749449937
1960-10-01,9.78431051182387,1.367884775304265,2.6199026954025766,2.86046110355368,10.234111458063813,3.3966350551119135,0.09179228738502128,1.1278515491998868,1.236057908473616
1961-01-01,10.947252739081867,-0.002636340169423231,0.11542960695503623,12.603362530612515,9.925967759319894,2.805502100694587,0.7062892454173797,-0.7326007326007833,1.3535894803322563
1961-04-01,7.740987885153413,-0.41941559607226636,8.599701135229195,11.506648446580636,9.02403659603177,4.962438084867533,0.0595192548480987,0.02895045029877023,0.48755814031047673
1961-07-01,5.700077489548703,0.66521677442976,6.976227242137413,3.825015110478237,10.204023820706896,3.469345157510516,0.4910317493430984,0.7449022055764166,0.0150655311534967
1961-10-01,3.5096342526350934,0.4402229416520356,9.557791937266309,5.073720576263813,14.2559111060581,0.4287185242523777,1.0263270260554567,1.0909380474596702,1.0186217433194613
1962-01-01,6.660429490617706,-0.10650137885001403,13.492403258310487,1.9504800379410867,13.2525518670043,-4.435275391392186,0.2514881500653377,-0.3507969190878966,0.16094458843092005
1962-04-01,7.826063456375732,0.19298720484782997,3.55672703073814,-1.4964780179709767,10.25965959827367,-7.075774677363917,-0.10817406320253366,0.71303286814616,0.7144990006744117
1962-07-01,10.361484271813197,0.6898613023444952,4.40471621596506,3.0746280341993213,8.338790308113124,-5.75833725394384,0.7681485889425043,0.35087719298242,0.8600157214859635
1962-10-01,8.387790042964353,-0.6792869316607181,4.302416715366999,0.758114401446018,7.006362823814388,-0.5428605802786001,-0.025091019623579697,-0.68370561282937,0.4083237903964634
1963-01-01,1.7198682488481698,0.8014696414838759,4.177276498903427,-0.2997242437097422,5.950247891602934,-2.1140064807787993,-3.7817922848626995,1.0638297872341833,-2.0705718170343252
1963-04-01,3.6974871860505765,1.3483000628832904,8.706331009049853,3.0189855479653374,10.104926250412504,2.291522808900139,6.0166286068697525,1.3606858967683533,3.9176497342820795
1963-07-01,3.13516246318734,0.045590246782963494,8.015543894715064,2.9897538340096865,10.300980864522716,3.4068524499373845,0.5284944106678967,0.33003300330029334,-0.5044060408202795
1963-10-01,4.916761325578826,-0.3118847357720269,10.408975597756404,9.435670467699063,9.026070605582797,1.1327355598788282,0.6473815410904223,0.33308195072897634,0.6666621308718267
1964-01-01,9.723960535876161,1.677949156395113,11.839134096675068,7.122804436173753,8.006705661016497,9.642926516057171,0.5494315251991087,2.2233088122451865,0.28163425033231165
1964-04-01,7.465812759080973,0.1671468425251256,4.893659004217397,9.540516048725022,1.3865141480892966,10.498500389739434,-0.08667693176436997,-0.5810355810356267,0.13449449362296026
1964-07-01,7.35141288003341,0.45595747911050327,4.824059681613287,9.717316445454204,-2.53394603221341,8.603950670288784,0.10186386383603334,0.6144523728622027,0.9444124410930684
1964-10-01,8.506962218430969,0.4659853955616487,3.3092320243898232,8.08016719033139,-2.075967500558934,9.153324192524867,-0.6271800011622589,0.9036796536795603,0.43067495694329977
1965-01-01,6.91995258376843,0.1692475905875165,1.7876763752664686,8.341773698596826,-2.0188734223363753,5.118705390627656,0.36485954936062265,0.007717768192442002,0.293728857628585
1965-04-01,6.440720839670377,0.9408130511459133,3.114329886339373,4.6760200322757575,3.8079933440380693,0.160689642134236,0.7625077606388273,0.5975994303733471,1.9456533585114013
1965-07-01,4.60690309210469,0.763918198784955,1.1747591545327778,4.35510071784756,8.21315496954317,-1.638052917386266,0.3095192067302666,0.8847330720603703,-0.231217230142474
1965-10-01,3.8793494130471,-1.495900485259071,3.4993539491018795,3.6663272521804484,8.881232475619319,-0.43463067019045015,0.7848681081665894,0.28248587570628064,-0.515784131748915
1966-01-01,2.8344016984086,2.150732735502569,2.107366615116803,8.245642999315328,12.136452754175968,-4.015451935564017,0.43806477583695863,0.8403361344537933,0.6051103281108687
1966-04-01,2.7840860215054164,0.07497396498761233,2.2069087010106867,9.25083498608324,10.5241936812735,-4.258374751702603,0.6767129646883964,0.0022213336887493274,0.8776088861329517
1966-07-01,0.8555623889397287,0.16947987818153262,3.610459753634167,3.5787601241314806,12.894964703805533,-2.91570674360432,0.2889855044474697,0.553222237275929,0.5852439399512284
1966-10-01,-1.9367847475464217,1.28743792062139,-0.10977052491481931,-0.85443935195897,11.232403598864623,-3.534165968812507,-0.03640509428763002,0.27093360641736003,0.4465357580683717
1967-01-01,-6.215631394401494,-1.2236339621290475,1.9244101203323165,-5.5680100540562,10.102446519087554,0.6235564120759195,-0.16291923545985001,0.0021505376344083484,0.12130545522700886
1967-04-01,-6.453221531606153,0.09296515701735635,0.6158685331975496,-4.22615153094308,9.828631009836556,0.3868578267579233,0.6673191390005077,0.8384781170647363,-1.127985443861027
1967-07-01,-2.5779757869391733,0.22360137814398837,0.7547457256950056,0.14962864654221608,5.431155471851038,-0.8442869139036207,0.32882358515968735,1.0356104651162672,1.18611135792481
1967-10-01,4.252818190276591,1.5937299044191533,3.4069839073311137,3.3992640513250367,5.8221564493141065,0.7133036347753574,0.48676388647082997,0.757633732724138,0.6083045511975264
1968-01-01,5.166862820441594,0.06382920066517143,2.7889931483694106,5.2118609199435895,4.287219727047103,-0.4824142181717567,0.7871429526113843,0.7371096586782081,0.3377870692287268
1968-04-01,10.128375064466562,1.9379327173170584,5.641842810080103,2.8580255118302933,5.102608025599543,5.550704756199127,-2.007764660089935,1.4337349995780018,0.3423166687989599
1968-07-01,11.798377361401833,0.17066514363068666,6.4770982236234635,7.976470477780531,6.928624756150584,9.01546984203582,6.088975770015274,0.6960631960632083,0.9792269579842
1968-10-01,10.47257346281417,-1.9304185632894064,7.45685371996217,8.2769715684083,7.223070251178,10.49316422515308,2.1477586342635635,1.1216522645094513,1.6814191364962234
1969-01-01,15.863800283542668,3.4473903254459883,9.620876960371676,10.75575122906188,8.973834969607315,16.528439546157532,-0.5758041226610087,0.4429534100150607,1.1937554354206485
1969-04-01,14.2085084783389,1.4359766573399255,11.0227934986956,9.0502221421416,7.56711133001003,11.403641247008943,1.4568493857579599,1.28219178852092,0.660825217809378
1969-07-01,11.8337438567359,0.5340314339154301,10.964701728955248,5.607187173480571,4.351606910881163,12.0846782256947,-0.2777741324401873,0.6249372678911432,0.995750913388512
1969-10-01,10.555657867812593,-1.8305868536403223,7.84764099185454,7.133471896217102,-6.227042467672354,11.211207301648415,0.4134498988301433,0.8226014455368501,1.5548724658585755
1970-01-01,9.136527087346806,3.243418904789106,4.79749472205851,5.69570240413179,5.296156062520157,6.547548293732163,1.2460659232590472,1.6413310120077267,0.5161583842240121
1970-04-01,8.192246802112212,0.462433670512796,2.2576378570315834,10.929681694701694,2.1817589907260424,4.384628552816516,0.13973857082770433,-0.33333333333340337,1.0681512477155835
1970-07-01,5.249403314205907,0.8256070384226221,2.5720101882699002,5.369819031746387,5.17786109884351,-0.5797367982056921,0.20245548486383702,0.3565062388592534,0.4130206043229601
1970-10-01,2.66440215803898,-1.178419330135491,2.7708280715465965,4.0554823269095275,14.814656294193433,-8.010637793447996,0.432819493742479,0.9934640522875213,0.29200181563782673
1971-01-01,3.176311135878057,2.0737047821260823,3.6767340709633007,-0.7120682139353324,-2.0082060729372295,-7.637223596522279,0.687506558044114,0.3389480601424886,-7.9231006172314435
1971-04-01,0.6990579866946326,0.33047644260776665,-0.17009029224330993,6.482016091606403,-0.6212611098591788,-1.2920912542279124,-0.020534827820749706,0.6379731379731356,12.043101277941673
1971-07-01,0.8592139665957267,0.4536113030723543,1.9240452089439068,9.070240293337523,-0.11687802656646362,1.4577742651061367,1.1527430918787087,0.31446540880497603,-0.168998393376571
1971-10-01,-0.19562257029809635,0.7439652724980933,1.705750060740873,16.787647694944486,2.37576752860496,4.093491785243887,0.2808355738500578,-0.6201684550594314,-0.9108306706553111
1972-01-01,1.018290574576939,0.49589596777716993,3.0789732885271603,17.6408924348725,0.9775171033210867,1.85730611284136,0.5586931092858024,1.2579735944221966,2.3139150068591214
1972-04-01,2.357075268292927,0.5430316370119367,9.6008133215227,9.008929571252143,6.442013872404093,1.9171934174579137,0.27526269593943403,0.6252234004527727,0.7824635221002837
1972-07-01,3.039884015133117,0.9048950652841427,5.83870016186276,20.668581244456664,3.0190747491252927,4.05942756611464,1.0152291052904232,0.305760305760298,0.1635313847264078
1972-10-01,7.24321949176984,4.7199326932507475,10.554318310835184,6.3751032639676195,7.066776199446703,9.22321679609078,1.1275577172749298,1.4775600505689166,1.8645530314400933
1973-01-01,7.354991329179519,-3.510046425302507,8.39063585083227,13.33935511899967,3.076308106443323,16.186059017580664,0.31211438458969537,-0.5625573422183088,-0.22855977687349235
1973-04-01,6.983145892041847,0.970990486499578,5.548965602060683,11.63904926254642,9.98333464826568,10.189726125763727,0.5642808461308201,0.8840964851194646,-0.09011304682767858
1973-07-01,6.169116138942523,0.592287286289417,7.432656753719859,7.119014759428,15.5709556288663,10.94322561348563,-0.019875986834949993,1.1228220101599924,1.2927630301283435
1973-10-01,4.12823765775605,1.202964922116892,4.257181688299923,15.6845924642116,10.365466004465388,10.698912526026318,-0.2046946896733107,0.27322404371590264,1.1690418618969927
1974-01-01,0.3414933483530446,0.2695660443108177,6.377370180638519,12.598942405905149,18.2157306974733,8.775656921797625,0.8873316272547346,0.544086854078881,-0.466723760312818
1974-04-01,-0.0007407489712213389,0.597622600740151,6.4370063138400235,6.2512219672492435,8.336920667608217,5.830143128470553,0.41585184860514995,0.5354838709677913,0.7783502523182951
1974-07-01,-1.6628246384311265,-0.9110771429970123,3.923631965927523,-2.2600337479323067,0.53774405765982,5.477535816205921,-0.6244836791541766,0.0020505249343863254,-0.9683583838425599
1974-10-01,-5.6148327335227775,-1.5840754082686617,-0.5864887552636967,-4.4119990256076465,-6.814375468421546,-5.489728894778831,-1.8195275937738584,-2.124934383202063,0.1669176908108623
1975-01-01,-7.901272171889087,-0.3814608000946091,-7.750364544712941,-7.466151280309134,-10.317348437471267,-16.788582972253867,-0.989020346721628,0.28664799253031265,-0.13762850498483362
1975-04-01,-8.970125213101545,-0.923743446854401,-13.473892602052466,-5.55520589302332,-13.486663442940333,-23.604173371103002,-0.03559981060854511,-0.32336566990031335,-2.035050482714253
1975-07-01,-7.20483666182903,-0.046750437588910364,-11.535324295666266,-3.941858475319023,-10.458820311570536,-30.45908856007024,-0.14601346562186035,-0.32653061224494334,-0.41167920675359665
1975-10-01,-0.27663102581535676,1.826928867977186,-6.410083468290931,-2.678712116230121,-1.7066483097414533,-16.8660940805248,2.1486576518280467,0.7084952084952465,0.6955138061255265
1976-01-01,5.763540264643001,-0.27823489604741697,1.8560943464019024,-1.4126054887607566,5.43242069381262,-7.180432324155699,0.5038030831534294,1.3356996076966372,0.8354137116937904
1976-04-01,8.963815045150627,0.9218016248096391,11.450702761512403,3.693627403729797,13.128166928765884,9.02718917672638,0.49690497267810535,1.25497868576688,0.48381616447240394
1976-07-01,8.86172939821137,1.0435831302515775,9.902595558268146,2.6574664291263708,15.040124619665667,13.555120665321573,1.67243949107442,0.9287575036810791,0.7883836842449766
1976-10-01,6.516227326200753,0.21455780515281633,7.917423116419427,8.51575898079201,16.001439819842066,3.1485884909468838,-0.31059794416819725,-0.881834215167574,0.48398064875839575
1977-01-01,4.274231946148256,0.35584428908958216,3.9429503320991697,11.679622294045167,11.651258913703574,1.5528936916507627,0.1873146868874357,-0.6144523728621399,-3.56407697650979
1977-04-01,1.8334144466309532,-0.425169859216686,-0.3706662616251403,12.253259035856827,1.6495592031701678,-0.10280448450273856,0.0872435283592113,0.6344851238960667,3.7053340010172264
1977-07-01,1.608697502113,-0.21641472465582368,-0.2793327217010633,18.4694478679706,-1.7247318354046728,-1.6675183858218166,-0.7493518195823309,-0.3000943153562523,0.6627238697346765
1977-10-01,1.619935844584462,-0.2388816362847166,-1.3414335033096965,11.331003419723478,-5.990475647524517,2.983667579216153,-0.7067142343379368,0.3232277713556644,-1.219949308929547
1978-01-01,-0.17485792544447998,0.7164399482649274,-1.0262100576480508,9.720183794302226,-6.09507864802704,3.2949568197545225,1.215632487666701,-0.30581039755350764,1.1674296122588432
1978-04-01,-0.360340025692183,0.3675309949429873,1.0159915706460805,7.605211580019773,0.11217937335256008,-0.5844688960484333,-0.07545065796651691,0.008762362550644331,-0.32050721043978797
1978-07-01,3.6797823226683697,1.2617539756842409,2.84124680564558,4.806876501756153,4.709512907007309,8.527323926277553,0.5533804980564433,0.011223344556673323,1.7972787538858501
1978-10-01,3.037490890796427,0.553487258857606,7.273431946844247,5.489864478594721,9.584729346863194,2.805194847047527,0.772389802296205,2.121463971616876,1.002184561612599
1979-01-01,3.632046892275105,0.3027737347767813,2.473987705047921,4.294398859001914,9.133301164466303,3.6036527688324966,0.1818233668685947,-1.0472889199597402,1.5611647648223699
1979-04-01,7.446447652101793,1.0893923783111146,7.794079956226466,7.1768216789829795,4.848233706247821,5.180024582814687,0.643498665590157,0.35327062117974334,-0.070868694359997
1979-07-01,4.7530382432262535,0.7101684296131711,6.139814621147477,8.502398396841073,6.191348423291238,0.8694173504983748,0.25784773544782674,0.9999352876464469,0.11790656986001502
1979-10-01,4.2246165376802365,1.9545226759025223,2.3404715329759536,9.287536608329736,6.638630849324383,3.2694261356431102,-0.19512918737635265,-1.2725939267915332,0.900375453022205
1980-01-01,5.61925461239207,-0.6356353032431494,7.923930677715094,11.374843906693835,11.149769124650343,1.9830179999311344,-0.06422823283210866,1.7358046484260565,1.3620179943361597
1980-04-01,0.4574589956132966,-0.7566225276259178,-1.4726446552715426,5.696869462286884,10.6910229930198,0.9955251705757067,-0.6552332700562077,-1.278750952018347,1.1521350722511647
1980-07-01,-1.563494673551796,-1.1561450680535665,-4.2003186292670405,2.3024581627652165,2.4588886893892394,-6.328259834092914,-0.3306088133411276,-1.6904418332989248,-0.46440669354929215
1980-10-01,-3.384825040352387,1.495825691123322,-7.320267564835547,2.1222695394352034,-1.2910256992363933,-10.119072909248283,0.20863790446029232,1.7600150107889536,0.79365810892107
1981-01-01,-3.977935511268807,-0.7178692765436273,-7.364007447254285,0.5429582453552774,-4.19701787465474,-11.91246723400131,-0.4683421570854027,-0.6304218657159382,-0.47413521040007306
1981-04-01,-2.5602004962762064,-0.744976622472674,-3.681161561069547,2.231779190277877,-1.854366151998092,-10.290532760689805,0.5466410225088133,-0.33670033670032,-0.6878065338625768
1981-07-01,-0.9383230902652935,0.2497890277985597,-2.3992515538497243,4.12980977339945,0.5400544697523099,-0.7105957828338666,0.0390856892547066,-1.0172602311777934,1.8805010068867538
1981-10-01,0.11095968294080734,0.20309647814680265,2.7266148188996397,2.0569010539281627,-0.4446954586950233,2.7683448274592535,0.40859596308348434,2.130576807040917,-0.1726674911602033
1982-01-01,-0.7584380790437973,-0.04172481520903674,0.7926976624826493,8.142352675793814,-0.6174140505808566,7.652047199265753,-0.3927285461394224,-1.3361976369494866,0.26181810640706565
1982-04-01,-0.843235887341795,-0.14730673612139897,1.0613986504836868,6.155578219693919,-3.918455286021112,3.427405337687143,-0.06716901543012765,-0.6909401941279434,0.16878029141699336
1982-07-01,-4.953427515647014,-0.5038710928208069,0.15151062297672938,8.450113076114617,-3.4097727339291968,1.435475571448,-0.7350985556749423,-0.33122905463334007,-0.2673016591943232
1982-10-01,-6.175655574261126,-0.894319851271912,-1.9446499860416486,9.059973159337277,-5.387767864593987,-3.11651350277757,0.17387953666855335,0.3781593192533199,0.1350563961908334
1983-01-01,-4.24967770908819,0.53106246753954,0.8042931219927016,4.67661737176367,-5.431944482696377,-4.008933026448293,0.275621759951111,0.7131131420406533,0.1331730357486025
1983-04-01,-1.1366967015966265,1.1364158827742665,0.031467211211694636,5.8435521299055635,-4.920781797054716,4.142371397750319,0.06977636857814866,-0.3051346801346666,1.4720271143712964
1983-07-01,1.5051015963474692,0.3926380487842656,2.651307792541724,2.5427173231770417,-1.324829399007452,6.148982018509457,-0.16461843378834998,0.003654970760230025,0.004731213907262749
1983-10-01,6.29368684447324,-0.8606108111336667,4.210858748197434,1.172305256796406,1.9032441876236732,16.68624409829002,0.6881041721621259,1.38903960933258,-0.9611080808731612
1984-01-01,5.400825709712606,1.4851665722115195,3.0368012885104068,0.21596548580974329,1.4085216681921786,14.428679903628032,-0.03299846148799101,1.0100343367670497,1.1368964179215326
1984-04-01,-1.3834375625481268,0.4338723595485041,3.3513644464291232,0.3363383374794966,5.133389741022287,12.652928302286666,-0.4467762352673,0.3332686209797203,0.6036637276011967
1984-07-01,4.895188280801014,2.044197401094401,2.4887816672507506,6.472204125092063,4.09810265327486,12.958504016598168,0.5108415958671997,-0.2944983818769999,0.12266348223453001
1984-10-01,2.9506954392126903,0.21301488726952655,1.6616420434651566,3.7729020797092,2.4333110055295037,7.739847682728867,-0.3661311936934597,-0.9670574900627601,1.83857839857592
1985-01-01,3.416414206760297,-0.408120614101985,1.3052761231706478,2.0946487369229096,2.7030924412571466,10.095860987328706,0.9780044870945365,2.8819568231332915,0.36465173044341403
1985-04-01,8.898925817383397,1.0957186986678165,2.6206344946453135,2.731351081933186,1.6901824077136431,5.690986224107544,-0.5164491983025766,-0.31326261877888334,-0.34550167392309333
1985-07-01,4.105129191585247,-0.03834359596844069,2.0640257535373934,-3.3589413402113304,0.5369070688526326,5.1783218379503575,0.150659326067659,-1.33662949715965,-0.5284398356769068
1985-10-01,3.8159402114031837,-0.7942892552705231,3.9535488397248826,1.2362471410244733,0.948400959381351,6.858495019723168,0.3786861553746723,0.3288776569818002,0.33397359385075237
1986-01-01,3.0967502400277733,0.9626614306829627,3.6655336009301767,3.3141730046119933,3.923167894700427,4.443575482404134,-0.29609821841967165,-0.019113769478472875,-0.9818979607446746
1986-04-01,2.6171339324765097,-0.13677737718275537,-0.15268407628685735,6.08845081309039,3.372719396263943,3.35794549781489,0.1028058031772846,1.8040383978815298,1.0102637546246134
1986-07-01,1.8245583638396792,-0.5202493849591033,2.1945819765234567,11.185121299332947,4.3538259765693335,1.7549731451995587,0.335988095417439,1.3367003367002932,0.7059486819996065
1986-10-01,0.3440503636652584,0.14282590845929,-1.459335941676229,8.90425366052571,4.649503051250753,-2.1191822030510132,0.04246739119501667,-0.6210977084763534,0.2941639175682877
1987-01-01,-0.9801433680861357,0.2496613810946259,-0.6485082595788066,5.931444306875903,1.5820818673304942,-2.67440806487522,0.2811309054777833,1.0679369823775369,1.44380067700217
1987-04-01,0.7526895051679122,-0.013759953776236067,4.104259508546313,5.855200777851066,5.01469459897601,-0.9747568264344451,0.14981689064649964,-1.2460578637049669,-0.7191534527246698
1987-07-01,-0.2447526790927217,-0.2138545618462763,1.1155983540021401,2.8711513188637974,1.68224000381029,-1.9408430220860924,0.07880746934519663,-0.66666666666662,0.384334381841897
1987-10-01,1.99428481487524,0.8270559845022203,3.894342036450603,2.7156190805139437,3.821697719260609,3.2267429802248233,0.689082311338951,0.7096003834581532,0.25637767171132003
1988-01-01,3.1028000154696898,-0.1916200633111044,5.375831692728923,5.16898799346225,7.576536545734053,6.26590486196715,0.499688715144162,-0.31622133389434004,-0.11062296200297454
1988-04-01,2.304980072977453,0.7525616436255483,4.56088345507394,3.4215654520500602,4.22571170458265,8.143693943470518,0.14741759879649266,1.02419382831754,1.1786550399506701
1988-07-01,4.395100226557276,0.9904598495950033,7.23628537601358,2.886788941767787,6.525307090828136,10.688571135171296,0.425095964311625,0.9929612870788965,0.3137873425903313
1988-10-01,4.511730580500177,-0.9428424759955343,5.976703300973553,4.138381006412347,7.064906220135353,11.896743695319707,0.5375738442950698,-1.2789987789987822,0.2389287103252963
1989-01-01,4.541299122185751,1.2563154097464637,4.820671547155801,4.591471349529967,3.9216819920867265,10.81299029033198,-0.20439446014166932,0.23508181571513334,-0.2051706443988847
1989-04-01,4.73930941899357,0.5521122618016384,2.9701944398817868,6.331848346312094,3.6377802985525496,10.346631705319174,0.6888297718669399,1.2944672051833033,0.026575335666249995
1989-07-01,5.1530681529236295,0.96090873222636,3.428377401233097,8.16594940548485,3.729763754332467,8.562779871953467,-0.40319575794992635,0.722908248281969,0.7859637340984772
1989-10-01,4.53600052743359,1.3945149919981648,2.7264502635846894,8.11311639061738,3.2552853647164235,1.9977407544726569,0.7760808678239698,1.4415897976109253,-0.47336718227925695
1990-01-01,5.534881351432314,0.6906759693012107,4.90677966697676,8.282570922263824,0.977231041352145,-1.2095164183608067,0.02878796425428472,-1.9680141414054397,1.3598151938949137
1990-04-01,4.587784212660691,0.5898087548160627,3.195067960417264,8.966218997159933,0.9644775345233866,1.1291359777904137,-0.22578313331507135,1.1376964336368667,-0.5622130756585474
1990-07-01,5.555186624166333,0.012871060227837905,0.517547062845837,10.702126646415406,0.12503155335843785,0.4088581562737142,0.09359462226532118,0.9245086682917294,-0.19958858692116468
1990-10-01,5.280766658355099,0.9646386072725267,3.1986905447258867,8.484432841864837,-2.779091655205653,-2.359039143866616,-0.101581800646106,0.34700006466830385,-0.8057469713087518
1991-01-01,6.526223550672313,-1.0276028327981528,-2.5933460981116396,5.215597918492977,-1.1086124777571686,0.11094349603787264,-0.09004290799408932,-1.919835970803627,-1.0336320572277427
1991-04-01,4.718371222443277,0.4555869611517697,-0.43608503074986465,-0.4046552769701058,-2.211646059582429,-1.6757592191110946,0.1566438702083286,1.635704442081771,-3.256765352964145
1991-07-01,0.3273929137635727,-0.4049430250460933,-1.629280942314064,-1.793845253437173,-0.7223675604974028,-0.3591547990375001,-0.07820001148029032,-1.228256469901434,2.399102530659713
1991-10-01,0.7349352055345894,0.1834509815819083,-2.88745964669288,-2.918705385256034,0.25176268034769184,3.587143241723832,0.08750234577133231,1.0849011057558067,0.006318212494390056
1992-01-01,0.267952644576193,-0.37857960006730434,1.1184532725657037,-0.51354810107864,0.5889503944125283,2.181006389266227,0.14076402596135965,-0.4807070035713701,0.602295114725012
1992-04-01,-0.8936385850246497,0.7900729611902234,-0.3304684795275367,0.8573065566907166,1.5125838601840405,-1.7612468013952765,-0.6205887918345835,0.2734286241862544,0.006262594901129663
1992-07-01,-2.3121870375682168,-1.164052585581415,0.6405257392524767,-6.30780513126604,-2.749189538762787,-1.9291134826742686,-0.4927788017543813,-0.5625458122143914,0.024930009612437964
1992-10-01,-5.8997505519324305,-1.5266287057938268,-3.0303800881045535,-4.301339198273613,-3.4824261252004995,-1.7065455205906266,-0.5337736860193566,-0.9139004212990102,0.25198013868683605
1993-01-01,-11.019066927839935,1.4293689509556067,-6.529010141151397,-5.888767209732824,-3.0873343232689003,-6.507292556514741,-0.12977115792866364,1.1421883807578064,0.5093583962496889
1993-04-01,-10.044129963383016,-1.023939328854169,-5.878393168638397,-7.242089274307314,-4.0597386755407605,-1.1317242817917588,-0.5465585249550914,-0.459199638449985,0.8393597117973407
1993-07-01,-7.2109540592209,1.1398484340173762,-5.652381115589214,-1.8341016519278102,-1.9516201444749879,-5.400365140342463,0.4448536708263184,1.5280147862727629,0.8852327599451068
1993-10-01,-4.262637691758804,-0.23957774382784303,-2.1743135640337843,-3.1992881723712436,-0.6224729607945184,-4.468360117660147,-0.377150111805332,-1.9015060754201312,0.8234568228432547
1994-01-01,0.3049137757919466,0.3936282526422077,3.409500748797477,-2.153984715361927,0.9416080296612,6.232473924631265,0.5121429198085276,2.5066436285699663,0.7337927345407209
1994-04-01,3.058289586324573,0.8001737174039835,1.5320005728686983,-0.22142976848363702,5.845266676623987,4.183693067302706,1.0464717873919935,-0.18758526295832667,1.1987625865651808
1994-07-01,3.59245391155493,0.10085889152112355,0.8020727442348066,1.0434616768298361,8.11309533272037,8.008714378638823,0.39347630075885864,0.779316174229157,1.120747474343786
1994-10-01,5.967343986631886,1.4264630084889405,1.5163514182533762,0.9053002924013743,9.561114048617057,7.032067551547432,0.5652375310175336,0.4700959947262969,0.5773154959819004
1995-01-01,3.744480158271573,-1.0724621895772608,4.276224790347801,0.8906844268019768,9.021738625964293,1.5825025404359936,0.306734494034807,-0.0064177208780232435,1.0523989179898845
1995-04-01,2.6761382867988632,2.4661865222911374,7.958303489603403,3.4212424851255787,5.5217605966758265,0.16959100470769525,0.07396676028907928,-0.25585902810323663,-0.8951899055872956
1995-07-01,1.3075670850181373,-1.184049857020015,7.4726092476314365,4.933637830842913,5.091170231043811,1.8083654202644344,-0.012842016924278674,0.7594487342575224,-0.15553562514590702
1995-10-01,-3.0957066378891,0.3310579525884177,6.873205587516547,9.76792788886442,4.309299148531079,1.9041000917181743,0.06222392775932802,0.9685094705145154,0.09054903667469434
1996-01-01,-1.7989065958081223,0.02722179042601301,-0.5149150129677,8.393135983129369,1.276678602339083,1.8930102844642327,0.03357044431089299,0.15022569158705804,0.13873177476118567
1996-04-01,-1.511947562795003,0.23058326569442467,-0.8384262284584834,8.266456425553153,-1.2716005539677124,-0.6815879579125584,0.06407854543266234,-0.9062813192796676,0.8781348854472159
1996-07-01,0.100087158491578,0.753632512743552,1.60829849797477,5.612091904373107,-2.3200613647103667,-1.1563563821216836,0.17522712564169704,0.6304140310097027,0.9792978305369869
1996-10-01,1.8865931465754169,0.3815135177526967,2.8699703590354435,-0.7465754977851988,-4.301912568306567,-0.1252216151349337,0.11771884295720698,-0.10141342140739303,-1.111060368492888
1997-01-01,2.325872648051943,0.22259791651629204,4.223513617290713,2.5472332090258067,-1.1621530239130708,1.0108080162166633,0.11895017076069332,-1.66511557298061,1.1041365831823062
1997-04-01,3.02676274286855,0.5625017005057099,4.381077770476507,1.3988199698057684,3.8085106978379764,4.346061965164954,0.8101247043973956,1.3112190564496742,1.8220917340148066
1997-07-01,3.743368020126507,0.8001876903691209,6.697060062521026,0.6904281059434494,5.479343749457406,8.442275571790011,0.5624364731852243,0.6990255485123479,-0.588659663292164
1997-10-01,4.751943126349997,1.6556564211453664,3.718635516198297,5.593380640770987,7.506719323536089,9.876553352599004,0.71666114510356,-0.893873572079977,1.7598433738973267
1998-01-01,6.481572310471574,0.3995997381068197,5.725813145923901,5.7975549013531475,4.946124488275263,9.290063547417743,-0.15498548926601372,0.6830512111500964,0.3896451130819967
1998-04-01,5.119464299858507,0.32756833686555803,4.960406661733437,6.254595950839061,2.373961297955573,7.105127816909509,0.6399010885365083,0.1538197575334963,-0.332789336022184
1998-07-01,3.7334798418012234,1.0575909947076116,1.4750688478109835,6.410461878470564,0.1103308231656487,-6.938477913147157,-0.033381485614791595,0.29655274048844765,-0.034957976628487354
1998-10-01,0.8675112342683486,-1.338743556813083,1.4018668610017297,4.105356129334953,-2.2256839337447403,-9.12838950737804,-0.03347072256099096,-1.0498726166806944,-0.03600960725883168
1999-01-01,-0.884563593310403,1.0408555943236895,-1.179845162317543,3.2576300130955667,-1.6209729835017999,-1.0896444337011701,-0.050584862086644346,1.9501355445387236,1.011079877443643
1999-04-01,0.089718845499742,1.1944733467685211,-0.9080719843608257,2.797825884347496,-2.5593507327900267,4.901059411315867,0.8563344901753774,0.442203119081298,0.43896276103191695
1999-07-01,1.5730819267499114,0.5617977528089734,1.4699175146173353,2.584022961244715,0.27632476594284067,22.386163632582964,0.36746383270585126,-0.3837274589827893,0.2658916455349927
1999-10-01,3.9598841783700465,0.7774604036554867,4.386896720125517,3.8618744702915904,2.9770971772932797,23.41096964499773,0.15105419621463956,0.737020623308854,2.2217238752227284
2000-01-01,4.538181606556633,0.7153375854862366,-2.8182930974678206,-11.78018651204439,3.3268504706825066,5.953386802307157,0.562757140698496,0.873678651759031,-1.151254434106942
2000-04-01,6.698281147542933,0.9331451128134421,2.8400507954442635,-12.642671179250561,5.931591956336404,6.860104547683,0.1678544601757507,0.326006102748851,0.5862843149525568
2000-07-01,6.81798889069183,0.8946072506837307,2.155992557427941,-9.86412633830896,3.6618517464458367,2.4519276499677733,0.17689785375974532,-1.2156813345601465,1.8964250997971808
2000-10-01,6.5744717884795705,2.32733866108654,3.5056763123844035,-10.549714525971082,4.0760167689740365,1.8250525764976693,0.6140746839307644,-0.1352777880486986,0.034687453088104
2001-01-01,6.226429000474933,-1.6932287510129147,13.329365475073615,3.4874019571419157,1.92904604338183,9.92989517030565,0.22554192324013567,1.0154806009966768,0.0069268243275400305
2001-04-01,1.4653150525910803,-0.541215497219338,5.392411261270411,3.8571126241177804,-1.1773386957244614,3.8460109263924793,-0.27438502253517066,-0.33157528482832355,-1.2244091913664505
2001-07-01,-1.1885939964356418,0.27714636588409564,2.359779104591752,-0.28131139856838505,-2.2477475720222233,3.4044326643467464,-0.12127194421873022,1.2783413543550946,0.4712121278441755
2001-10-01,-4.296766060484603,0.23295390203349,-2.754795254583217,-0.09709877175102595,-5.582882469699446,3.5667139426663326,-0.39873823995096763,-0.37492922416042457,-1.6431518683064008
2002-01-01,-4.149709057587644,-0.7583624474954503,-1.9018628503896566,-0.016276362023348662,-3.2547951863105333,2.4956070795276166,0.276144828290407,-0.3915095333343866,2.52514483221672
2002-04-01,-2.0071161036924168,1.4886480634307118,-0.13635754489410332,1.3698597986506835,-2.245799720551943,4.941874793202303,-0.12517335202513902,1.0750927241373867,0.14769105900198523
2002-07-01,-0.24677262209230966,-0.11534505059528162,0.772659599102715,1.6015690034365815,-1.3072886152120577,3.63052443136746,-0.14184915971044001,1.1229558788592733,-0.682773289940582
2002-10-01,1.8725213676179833,-0.15759633544930665,3.895493993108914,-1.4045245992823263,0.8069549361301657,7.9373804262709635,-0.7341817915246991,-1.4871532598789245,-0.26881973493893013
2003-01-01,1.1790937035652593,0.3874185278540046,1.8144105324965965,-0.020338470499463135,-0.1865734939817166,7.7590734593901125,0.7378522073219317,-0.26644729308818665,-0.27248194305277673
2003-04-01,-0.6112629907143264,-0.15120821259755668,0.55590947400615,-2.7876468201367772,-1.00671300827012,4.429004101563202,-0.8684430459032472,-1.6238794320807852,0.44767255557455327
2003-07-01,-1.3513624083897398,0.21223037649453066,1.985792035031353,-3.1338711996014834,-1.2175725136806748,6.85021224101058,0.33133785017823403,1.87840363412334,0.4328829813404876
2003-10-01,1.7544512686891762,0.15881136637272433,1.90331010452968,1.2905601293711373,-0.13932569369295977,2.65865598251107,0.3628656076494097,0.7581015877333569,-0.1237347530714182
2004-01-01,1.5806317539484267,1.1578584778266132,2.7424495219446166,-3.785018527720863,-0.19564525478060005,4.50547274732284,0.44300956935161,0.8196072817375063,0.7546608835566083
2004-04-01,4.55015733288842,0.7064084581980934,5.8948530213565595,-2.3821105514380343,1.0782959541912185,6.64317101561954,0.14963775907519403,0.14322404066381864,1.5560135710896301
2004-07-01,4.933861879063646,0.692770672310253,7.055199702258537,-4.543150376359113,0.11759630338088078,4.587037670830083,0.11529113973820475,1.3698233769705228,-0.15666808692573694
2004-10-01,1.4416669428779134,-0.4368208195383683,9.196544380121596,-6.087970433206607,-1.6035531907505025,3.533364788852245,-0.2241578295839,-0.8298875744665851,1.1962084660381676
2005-01-01,3.073735234159733,0.14822055493524466,7.985116404977483,15.2028777200561,-1.9782497315571366,0.24781016795530744,-0.5673934594788067,0.21478498176959668,-1.792984473994162
2005-04-01,2.259514998636229,1.0265499766241535,3.1472381380261063,12.368464538698083,-1.3344564746435001,0.13803998909468973,0.473367224558662,0.5161892718907076,-2.53141778668741
2005-07-01,3.4097482465270432,0.38741104138219934,0.904905231974416,11.773320535890369,0.20864899342430332,6.637502188047921,0.5530000279027637,-2.1400034868048654,3.172704579997973
2005-10-01,6.094480003206283,0.8481707722179603,3.661411940352117,14.4975340181526,0.6999752068347317,4.721251846975844,-0.035794876102199925,1.5330828732379607,1.2657599890186433
2006-01-01,4.615870593846936,0.5960811877319844,4.1249426937216995,-6.697725761925253,2.66425778020248,4.235179943535477,0.16161100183559665,1.8122474666903694,1.3759318228291104
2006-04-01,6.4282687456225736,0.6326850744400433,7.808469274876193,-3.517892957972576,3.6507000736923025,4.229657399714192,0.30337691959391133,-0.9969499224644834,1.4407074727976699
2006-07-01,7.2759879329268955,0.3137648063569817,7.0888880741409155,3.3622034034053034,3.7291990109794,-0.8662069869624482,-0.1487671049619744,-1.9169305310389042,-1.142049204930905
2006-10-01,6.626665626790353,1.3877140469005684,6.31838567216223,2.1734822354199497,4.46427037045681,2.749524672279365,0.08188212667398842,2.2890484973141203,-0.6566485856619929
2007-01-01,8.851439084320173,0.38337328829668166,7.62367811528753,3.370889708360332,4.070484360307117,4.183812386077843,0.20048568636175038,-0.5259047305041556,2.4494887446298903
2007-04-01,6.769171976541294,-0.207597730138716,6.900225328643569,-0.5177528253382101,2.1952596392890302,1.688241064041592,0.11777130586329594,1.2051185610269437,0.5016252935618345
2007-07-01,6.2566865867059365,0.005033496080044071,8.920070207551866,-7.1696818370664195,3.1737064800704133,-4.4085533804766905,-0.525300516933121,0.584643200450523,-0.5598508018926432
2007-10-01,5.929856461125843,0.51592421706662,7.510920436781653,-5.03611437106596,-0.07548200075501836,-2.4237267072116695,0.23151866796922368,1.0530909206814265,0.058033915608483554
2008-01-01,5.376573272737414,1.065877876058969,8.198418890163833,-2.940473613593518,0.9806169533378881,-2.038990882162258,0.226920491836339,-0.6438437208191699,0.5500135298091666
2008-04-01,3.2698853047790766,-0.27910998352697736,5.810033124065401,-4.28537518688921,0.12950694180249833,-3.8647518769217384,-0.962966172587044,-0.5605968387465797,-0.024029641531307266
2008-07-01,0.34598950889723307,-0.05142346275586762,5.80531331976121,-4.29547396131939,-6.4467194980948035,2.2821899191758734,-0.3326208563969237,0.4953816397400022,0.55364486422022
2008-10-01,-7.6989307194424095,-2.7615332155137176,-4.1543130849599565,-13.079402545469932,-11.06077670709175,-17.674127796472277,-2.7362771324936532,-2.9444085300010396,-5.8255396519093265
2009-01-01,-21.39236601402757,-1.04567275383058,-14.435593312643034,-20.01011031852917,-22.3762021178531,-26.40987026663103,-2.2943960046132865,-1.04888101722377,-0.5470705910620565
2009-04-01,-20.721625454635266,-1.4528519148512566,-11.47096307589585,-16.887151498524265,-23.63852141993753,-21.43724331186257,0.8260448259978119,0.92018363751551,-0.72582240999644
2009-07-01,-17.1804195243955,0.6198956982862284,-12.449838798549221,-10.901029671275081,-17.804283106209933,-15.358503726435965,0.5926106717125631,0.218092234339081,-0.02452230334901362
2009-10-01,-9.073418928237869,0.4669169121894166,-4.874039312440927,-4.087617957326342,-9.306695278648846,3.1745580888069234,0.002379057619284327,0.8995972036702312,1.0617917241754657
2010-01-01,6.805467620336247,0.67888596278728,8.562529940070586,3.1170565517471567,3.9765619295706003,15.513391447739382,0.7929640139830777,1.5574984761628097,0.03506320043211867
2010-04-01,13.573814227672466,1.52213672797828,7.722095989115897,3.3220784329524338,8.738930376630307,15.2381064639181,-0.0017905449921529943,-0.4200632241219176,3.5912844646611077
2010-07-01,11.83043264748018,0.482812870655533,9.618088158511084,0.16807785658199004,9.52392791343494,1.5647598784220935,0.2993005839649726,-0.08197732848927337,-1.6506356367141626
2010-10-01,13.984402995706168,0.3876002397366836,10.475916769315097,-0.7830626022338133,5.883284719737216,4.122950875657883,0.8032260423295736,1.3678775554282596,0.5825907865696367
2011-01-01,13.782789877065602,0.795674560471233,8.980234286383194,1.1733727294291554,4.400996504098226,7.053548687889506,0.0872748083780747,-0.37536569267799197,-0.5659505311301207
2011-04-01,9.375006568018014,0.0003533286665173274,6.02735414209191,-1.3211272315687732,2.900124331959877,0.8313757014132434,-0.3751624553997401,-0.8854515223324663,-0.3554281138464907
2011-07-01,8.93620346134297,0.12350815904117833,5.63261991884161,-1.4997982688212534,-1.8411830719977889,3.1337993710340832,-0.1562602273149013,0.2794221799488669,0.02013351858553003
2011-10-01,3.6045980389140566,-0.16359843946049565,-0.6301494253840051,-4.420484422465896,-2.0854408141776735,-3.581214661057569,0.09024778285544273,-0.5856958178147403,1.327106459941693
2012-01-01,1.5628164694308884,0.3698134527785593,-0.9171586257999264,-6.21557950407236,-5.2513209715104905,-7.85974672837241,-0.09329040324660431,0.43506925511096606,-1.3095168911565922
2012-04-01,-0.3065793149278017,0.36540912453321495,-1.9317575241508138,-6.9278225687308,-6.400923712338707,-4.933823158801462,-0.6967065121819597,0.5703681838440227,0.406833931533531
2012-07-01,-1.1067975101483845,-0.310678007202611,-1.9017598837321443,-3.341576571831517,-4.6395247991912205,-2.245969034771473,0.18458761399975154,-0.9219974366306598,-0.8654662233503013
2012-10-01,-2.407018049566072,0.08990662715542168,-2.67354871394787,-5.17066092269877,-6.577581351019017,-4.140752653392434,-0.24196554104006732,0.0379018811773116,-0.346131143269594
2013-01-01,-2.01571181648911,-0.07602483002685571,-4.72181325188698,-0.4096976497093083,-4.4769070074975525,-6.027714927499493,0.50679909091476,1.5022269808358626,0.35509273114433904
2013-04-01,-0.19596140094576434,-0.031869741669669015,0.2763821184220547,2.48880998059188,-3.861616125194893,-6.196842638400014,-0.16569367191839532,-1.2685427180424311,-0.6069442334991727
2013-07-01,-0.16438784367246773,0.6480964108082673,-0.49143280286907326,-1.253390811506097,-3.6740777479575866,-3.092483461655964,-0.16004357074619702,0.5791500642759467,-0.6006335353723887
2013-10-01,3.5594267082481434,-0.236563952455354,5.3085557806800905,6.595568515112343,-0.31205508750079,3.541566055593792,0.044631110028788314,-0.3656455569055466,-0.9234843849755304
2014-01-01,4.013462583000327,-0.6837515317480743,4.842817349781337,2.9186419296100734,0.209964848627701,6.46440411280113,-0.06226299422614101,-1.6297121850422693,0.8111308750371001
2014-04-01,1.7531609264949966,1.2797519409503433,2.581472542394699,2.1287198978513566,0.009577790317367718,5.88834240808789,-0.04154932115493241,1.1349802713650037,-0.41980854934188877
2014-07-01,1.14991332845451,-0.7461300776116065,0.5336781555248903,1.9268357401852063,-1.233183527748944,3.26553924096898,0.13242062914738764,-0.228518000905472,0.046263824562531454
2014-10-01,0.949285449483506,0.6140025907162899,-2.5470862385711235,-0.6157124283246713,-1.400705498872452,2.5860493614109483,0.17024239095391666,-0.16575739597196998,-0.492628100786716
2015-01-01,-0.5024818342914646,0.11923692162969501,-1.9555209827719624,-1.09571032550942,-0.411661521871457,2.324184948124414,0.17049302114025364,-0.08014365301814497,0.7833467110985431
2015-04-01,1.3149792024606564,0.040344593970165356,-2.0394871367391603,2.4809749480256436,1.0327937286555529,2.7477515818751095,-0.020184453350213988,-0.010509121534174012,0.238240365491714
2015-07-01,1.0921890533182048,-0.23762406030577465,-0.983097913912964,3.3245987941254698,2.1075516822749867,0.3028239927038664,0.3231661031616983,-0.6932921760421333,0.07707838087036241
2015-10-01,-0.26004423279277566,-0.5513161840347961,1.6175482691066279,2.9627701460478106,1.7543859649122429,-0.6634499302808344,-0.5971904722930849,-0.012467006897537066,0.2576622885719832
2016-01-01,1.9213659554437665,1.0307701997264715,3.872337121585133,3.9800091097683237,1.8784221959135288,1.0195233671844928,0.220042323904828,1.3703620179172253,-0.7024697065430434
2016-04-01,0.1680233550823813,-0.07709498406653169,2.90487028662625,1.4550587608837835,0.49306359749309725,-1.0089042576168707,-0.297666613918258,-0.12342429872096601,1.7367457645235467
2016-07-01,0.7214724024132066,0.3990304323925224,6.516441847585086,0.68880148637095,1.9749636796786405,-1.0738278766269254,0.2773775339487576,-0.9424325561994547,0.08456319075660342
2016-10-01,1.2063207895471766,0.7365668698688647,4.8401975818989,0.4907509441898433,3.904877107106103,-0.49115645236692657,0.35112876110110164,1.5925427953532207,-0.37593657386675144
2017-01-01,0.5976175634455411,0.5352516254570974,1.6715275298295167,-0.37469171352667036,2.089841396861784,-0.7599184657030622,0.3557988053442805,-0.36733136941626654,0.3058303078041779
2017-04-01,2.9300640764728136,0.411607553570359,3.974144309693953,1.682720170202033,3.8488281692917,4.29370466010688,0.07565162937522725,-0.06020970989267297,0.7865526492623376
2017-07-01,4.66784566850432,0.8119324836881247,4.153816436482546,5.654805268431423,4.774295307788013,5.856404231057496,0.4851281930954627,-0.031093572394791307,-0.24128189392822
2017-10-01,5.245014756440713,0.6526764580949366,1.870726594004313,2.4553616806558636,4.1749473093425635,6.34517195004225,0.6354766280834027,0.7284761373054071,1.3232793065943234
2018-01-01,4.012411659788717,-0.386972466852705,2.729681289519199,4.58298995299149,3.536520488610313,1.7458478946915406,-0.4400036450075752,-0.16153577297776467,0.6289577502418551
2018-04-01,3.0632580672743366,0.6942223745659866,1.4314028356287967,1.1563160247097024,2.07890570380544,-2.2018467940149216,-0.0934300841721234,0.002170887396375979,-0.5019329886826095
2018-07-01,-0.12307509410856365,0.10652785066544235,-0.50118350808948,-1.7154941678999351,0.08121614684451066,-2.1570553921765083,-0.4249347608993374,-0.4531631483949967,0.5200933864890293
2018-10-01,-1.9735734511055998,1.1814605420688082,0.32316172643029223,-2.2995224281100017,-1.9623133645291935,-1.7983368490953635,0.4351834021813133,-0.3975152737286531,-0.07939786021042335
2019-01-01,-1.6366275468828704,-0.372870094482795,3.072218701199981,-4.28182286395933,-0.51953491014716,-0.6722488722790132,0.13174454258038484,0.21653235023483397,-0.41070513172993767
2019-04-01,-3.281827794970807,-0.8562218143500298,7.072398772216317,-1.41584725723488,-1.0183255639285897,-1.1918499458087062,-0.372466345487027,-0.35955826387965595,0.8916533903015401
2019-07-01,-3.1347526636458,0.11366747901068064,4.464043607727477,-3.824623085853723,-1.1425368553980473,-2.278996828675552,0.216581907483172,0.20286571624796865,-0.055159340769769034
2019-10-01,-3.8395628104367368,-0.4862689244610046,6.820595763541243,-0.34903857853171,-2.143971499755168,-8.574942260077677,-0.9539009496707082,-0.83688873459371,-0.7351767906924653
2020-01-01,-5.112170833834441,-2.1073961602668803,-0.3498818493854798,-1.2874537520851765,-11.245677787712248,-10.131376033821354,-5.078964194869673,-0.025855052006509432,0.6439832479378073
2020-04-01,-22.2358129680362,-0.2754714713341926,-12.916072333666497,-25.165264465199538,-26.089880169326534,-22.021959651753402,4.1147376907752005,-1.5343971062026132,-1.9246029935948312
2020-07-01,-9.77183780625159,3.104859976309783,-3.811200614837626,-1.8744178126753364,-4.298742509396455,-7.595495816276486,2.360005472332371,1.5076699132674214,0.2029609884397532
2020-10-01,-1.8506343045266629,0.14894700648411466,0.6861782359201175,-2.315542460255527,-2.3546809500790933,-2.706038502967617,-0.01782524818226568,-0.08946514264539729,0.20331851807091791
2021-01-01,-0.38779852505638335,1.4423309367606219,11.126134378854983,-1.1698352882178897,12.196632673451626,5.642660311439934,0.16970321211025996,0.9885839495823369,0.89839834947186
2021-04-01,22.39022635782827,0.311611217172658,40.60391902875177,27.0770250879347,38.57233174463946,23.123328746519203,-0.16991271111083125,0.40285725802515,0.15961411855353003
2021-07-01,2.6716840761543215,0.5138010757052713,31.479152647035264,-3.97408813291416,4.285251931863793,3.676749382376197,-0.31521853321859866,-0.1644544745023908,0.889302887508746
2021-10-01,-1.4257214167062833,1.0229416597092114,20.3288600915537,-1.156600300714876,4.85937950998904,4.730986747689585,0.4233118576026409,0.8308785049606865,1.5450719419906267
2022-01-01,-1.5509338472960552,0.6292343128797316,11.986503468513147,-2.1696369997049225,1.3291693479138833,1.4769207825930337,0.1171156422285093,-0.22033059325252458,-1.3223724355278434
2022-04-01,-1.4251783334770673,0.5397414143988963,-5.901546499724103,2.089824285339615,2.0898300363983204,-4.040074716232309,0.41201545074357027,1.1056004417848309,1.9057890020033632
2022-07-01,2.2533513191042496,-0.17474020234357793,-6.20314141792657,2.97111515452256,0.374714956498253,-4.510776426944113,0.20003658012551465,0.327987195450846,-0.5548058296451956
2022-10-01,-0.16324500220616903,0.3844853984549779,0.5540507752117834,0.03406164167777703,-2.168896512815569,-7.096769413154263,-0.014641490754342068,-0.3715550677399217,0.35070031303083155
2023-01-01,1.3768045614495126,0.22296867056334704,-3.9835126106037557,0.8279365137757203,-0.5401574640221799,-5.963813966423206,-0.40550724988883996,0.10531461199421625,-0.3897932790398399
2023-04-01,1.2258501736101284,-0.6130870284329065,-5.742001036805199,-5.406316488954154,-3.475531937070141,-4.2948853315598345,0.33570140940209753,0.14304473685603533,-1.1644044683153665
2023-07-01,-1.5460301163586578,-0.24313592178713503,-9.55297983994121,-4.482549221679523,-2.6372450685392868,-3.933753882018445,-0.0722512277582984,-1.3807834908853536,0.2950703462679109
2023-10-01,-3.794720039049217,0.16133115988233562,-8.465582401401823,-3.4695771105761963,-1.6201068654005215,-2.1316607744862535,0.2396974012742231,0.7711051329507496,-0.8576822588090204
