date,AUT,BEL,CHE,CZE,DEU,DNK,ESP,EST,FIN,FRA,GRC,HUN,IRL,ISL,ITA,LTU,LUX,LVA,NLD,NOR,POL,PRT,SVK,SVN,SWE
2010-10-01,92.7473,100.0726,94.36705,90.28667,95.58634,97.73859,105.9369,84.21982,108.873,100.339,116.5321,85.11987,58.32376,76.90987,108.6316,92.83668,101.6462,90.22741,107.1521,105.3816,85.20629,101.1028,87.67347,94.47694,104.2582
2010-11-01,94.53319,101.6703,94.36705,89.95268,95.00645,98.19854,108.4077,83.95498,108.9872,101.659,115.0141,87.022,67.04937,81.41695,109.3684,88.96848,103.0845,88.2606,108.2854,102.2584,85.47983,102.7571,89.0449,95.12671,107.0078
2010-12-01,94.29507,99.20116,95.33616,89.61871,96.84278,98.77348,105.8339,83.82256,110.4708,102.9887,115.1309,81.67228,66.43704,85.02856,110.2105,91.69054,101.4544,89.98156,108.6975,103.5681,83.70184,104.2167,90.02449,97.33593,105.9767
2011-01-01,95.72379,100.9441,97.0321,91.84525,96.16624,98.31353,107.0693,88.85456,111.9544,104.1914,112.7956,87.49752,62.45695,85.85282,107.8947,93.83954,104.7147,87.64597,107.049,99.43749,86.16367,102.3678,90.90612,94.08707,106.2058
2011-02-01,96.67625,103.1227,98.6069,90.73198,97.13273,97.04868,106.2457,87.53035,109.4436,104.5532,111.7447,88.92411,62.76311,85.62896,110.8421,92.83668,108.1669,89.12108,108.0793,99.43749,88.07841,104.7032,91.29796,93.43729,107.8098
2011-03-01,96.5572,105.5919,94.36705,90.39799,97.51933,99.80836,105.9369,90.57603,108.3024,103.2429,111.2776,86.07093,64.14083,84.7834,111.1579,87.10602,106.4408,90.35034,107.4612,98.22853,87.39458,102.1732,88.84898,94.99675,106.6641
2011-04-01,96.79532,102.687,96.66869,90.84331,97.71263,98.19854,105.4221,89.91393,109.2154,101.4927,107.8914,86.42758,63.98775,85.59549,112.2105,86.53295,105.1942,92.19422,103.9581,94.90387,88.35195,103.3409,88.35918,93.95712,105.4039
2011-05-01,96.91438,101.9608,98.72804,93.18118,98.67912,101.7631,105.5251,90.31119,110.2425,104.8074,108.4752,85.11987,64.60007,89.99001,110.1053,89.68481,105.2901,92.0713,105.2975,89.46352,87.80488,100.9082,88.84898,96.2963,107.1224
2011-06-01,96.5572,100.3631,96.30527,91.84525,97.13273,99.80836,103.3631,92.03266,107.0471,101.9816,104.3884,85.00099,64.29391,96.351,109.2632,93.26647,102.1256,93.5464,104.5763,95.6091,87.39458,98.67013,90.90612,92.39766,103.4562
2011-07-01,96.31908,101.0893,98.84918,90.50932,100.2255,95.78383,104.0837,95.87288,104.3081,103.0767,110.8105,85.59541,57.71144,94.36375,108.8421,90.40115,101.9338,93.17763,107.2551,95.20612,88.07841,100.2271,91.59184,93.6972,105.9767
2011-08-01,96.67625,105.1561,95.82072,91.73392,99.45232,98.19854,103.466,94.41624,107.0471,102.2065,105.9064,85.71429,66.28397,93.48566,107.8947,89.54155,105.7695,92.80885,107.5642,98.53077,89.99316,101.0055,93.15919,92.65757,103.3416
2011-09-01,96.91438,102.2513,98.72804,91.51127,97.90593,96.47375,103.9808,89.7815,107.0471,101.4927,111.3944,87.14088,65.82472,91.75507,107.6842,91.11748,98.86527,95.26736,105.4005,100.5457,90.81377,98.96205,91.6898,95.51657,105.2893
2011-10-01,96.67625,99.34641,97.88007,91.39995,99.06572,96.93369,101.2011,90.44361,106.8188,101.7078,102.2867,87.25976,62.91619,91.46886,106.2105,90.97421,97.33099,94.40688,103.4429,96.71732,90.40347,99.6432,93.06123,95.12671,105.2893
2011-11-01,96.91438,99.92738,98.00121,94.18314,98.38918,98.08356,100.5834,91.10571,109.6719,103.7612,105.6729,89.87518,63.22235,91.32899,107.0526,89.39828,102.5092,95.39029,103.752,99.63899,91.90791,98.86474,91.59184,96.03638,101.8522
2011-12-01,96.43814,99.78214,98.6069,93.73782,97.32603,97.39364,102.2306,88.98698,111.612,101.7274,99.71782,87.022,62.45695,90.4732,108.1053,89.97134,96.37206,92.68593,103.546,96.71732,93.95943,95.8482,95.31429,93.6972,101.3939
2012-01-01,96.31908,101.0893,99.69715,91.84525,97.71263,96.35876,101.9218,90.9733,106.4765,101.1505,103.4543,86.18982,62.76311,94.24214,103.7895,93.55301,98.96117,96.61954,103.9581,100.848,91.0873,95.65359,93.64898,94.21703,107.4661
2012-02-01,96.67625,102.687,99.2126,92.95853,98.09923,100.1533,101.304,91.90025,105.9058,102.1478,101.4693,86.18982,67.35553,98.1954,104.1053,90.97421,96.27617,98.09465,107.9763,101.2509,89.30933,96.33474,93.74694,95.12671,101.7376
2012-03-01,97.50967,103.1227,97.88007,92.17924,98.87242,95.66884,97.08305,89.7815,107.0471,101.4341,101.3525,86.42758,63.83467,99.93847,104.6316,92.12035,99.05705,98.34051,104.7823,99.94123,90.54023,97.98898,97.86122,94.47694,102.8833
2012-04-01,97.86685,99.05592,101.8776,92.17924,97.42268,94.40398,97.49485,90.17877,107.8459,101.6101,102.1699,84.2877,61.84462,104.2717,103.0526,95.12894,98.00224,96.49662,107.9763,100.5457,90.54023,92.92896,102.1714,96.2963,102.425
2012-05-01,98.58121,99.92738,99.33374,92.62455,99.06572,97.73859,97.186,91.23814,107.0471,100.1532,105.2058,87.37864,66.13088,97.54897,104.7368,74.64183,97.33099,97.3571,106.6369,101.5532,91.63438,94.6805,102.3673,93.04743,106.8933
2012-06-01,98.58121,100.0726,101.0297,91.84525,98.00258,97.85358,97.90665,91.90025,108.4165,99.32207,103.2208,84.88211,64.447,93.30495,102.5263,91.54728,101.4544,98.34051,106.5339,101.4524,90.54023,94.19397,100.0163,95.25666,104.3727
2012-07-01,98.10497,100.2179,99.2126,92.06791,98.77577,99.80836,97.186,91.50298,107.2753,99.90874,106.0232,84.2877,62.30386,91.75529,103.6842,94.55588,100.7831,97.3571,102.8248,97.3218,90.40347,96.04282,101.6816,93.6972,103.9145
2012-08-01,99.7718,101.3798,99.93943,89.95268,98.96907,99.80836,98.52437,94.28382,105.3352,101.923,105.9064,87.85417,67.35553,91.20411,102.9474,99.28367,98.19402,100.5532,104.4733,98.53077,90.2667,98.57281,100.4082,96.03638,107.9244
2012-09-01,97.62873,100.9441,100.0606,90.39799,97.71263,97.62361,95.12698,95.21077,105.4494,99.83052,103.3375,86.3087,54.19059,93.77197,102.7368,97.13467,100.3996,97.60295,103.546,91.9822,90.2667,95.55627,103.7388,94.73684,100.9357
2012-10-01,99.05745,96.73203,99.69715,88.3941,96.35954,98.5435,95.33288,90.04635,104.4223,98.4323,104.622,84.52546,61.38538,97.52485,100.7368,99.1404,97.81046,97.3571,103.4429,97.82554,90.40347,93.02628,105.7959,93.6972,102.425
2012-11-01,97.39062,96.73203,101.1508,87.83746,95.68299,98.5435,93.3768,92.95961,103.7375,98.57897,101.3525,83.93105,60.92614,89.14941,99.26316,96.41833,90.13905,98.34051,104.7823,95.00462,89.17255,93.70743,102.9551,91.48798,101.5085
2012-12-01,97.86685,97.74873,99.57601,89.73003,96.16624,97.50862,94.30336,96.13772,104.4223,99.09719,99.83458,85.00099,60.92614,80.45629,100.2105,97.13467,96.18027,101.4136,103.649,96.31433,89.71963,92.34512,101.5837,92.52762,102.5396
2013-01-01,97.03344,96.87727,98.72804,86.94684,95.29639,100.8432,95.12698,96.6674,104.3081,98.85275,100.4184,85.11987,59.70149,90.14709,100.1053,100.0,92.91993,99.69269,105.4005,95.6091,89.44609,94.97243,95.02041,93.30734,99.67538
2013-02-01,96.31908,96.73203,101.272,88.3941,95.97294,96.93369,93.5827,93.22446,103.8516,100.3781,98.4334,84.88211,59.39533,101.7262,99.57895,96.56161,93.39939,97.11124,106.4308,93.09042,90.54023,95.16705,95.80408,95.12671,99.56081
2013-03-01,97.62873,99.05592,101.3931,87.72614,97.71263,96.35876,95.53878,96.40256,105.6776,100.603,100.4184,84.88211,60.00765,93.60291,98.8421,103.4384,90.04315,96.12785,108.3884,93.19117,89.85639,98.67013,96.4898,91.35802,100.0191
2013-04-01,99.41463,99.20116,99.45487,89.28472,97.61598,99.80836,94.09746,93.75414,101.2268,101.8936,102.7537,85.95205,63.68159,89.32742,98.21053,98.85387,93.11172,96.00491,108.4915,97.12031,90.95054,95.55627,98.74286,92.78752,99.44625
2013-05-01,98.22403,99.92738,100.6663,90.17534,96.84278,98.65849,93.99451,97.19709,102.5963,101.5612,100.5352,85.59541,66.43704,87.60363,100.1053,90.25788,93.87885,97.72588,108.2854,99.73974,92.18144,96.43204,94.43266,90.8382,96.92572
2013-06-01,97.50967,100.6536,101.5142,90.28667,98.58247,96.70372,95.74468,97.06467,103.6234,100.0847,105.3226,85.23875,62.76311,87.68064,100.0,92.97994,91.57743,97.97173,104.2672,97.62405,93.00205,96.82128,95.02041,93.56725,97.95685
2013-07-01,98.34309,102.687,102.8468,92.40189,97.03608,100.1533,94.81812,99.84551,102.8245,99.44919,98.31663,85.95205,62.30386,87.91201,99.89474,94.12608,94.83778,99.07806,101.7945,101.3517,93.82265,93.02628,95.02041,91.61794,100.1337
2013-08-01,98.34309,99.78214,102.4833,93.84915,98.96907,96.12878,95.84763,96.93224,104.5364,98.66697,99.60105,88.44859,61.53846,89.14848,98.10526,97.85101,97.52277,97.97173,104.2672,97.3218,94.64326,95.65359,94.82449,93.17739,98.52969
2013-09-01,99.41463,98.3297,101.9988,92.06791,98.67912,95.0939,96.05354,96.79982,101.5692,99.59586,100.5352,88.92411,59.54841,89.22353,100.0,97.4212,96.75563,97.8488,106.0187,95.40761,93.95943,97.79436,99.03674,92.91748,99.10254
2013-10-01,98.10497,100.6536,98.84918,93.18118,98.00258,102.568,96.36239,97.72677,102.368,99.20474,99.36752,89.51852,55.56831,90.7605,100.3158,97.13467,98.38581,98.21758,103.3399,92.58669,94.64326,98.47551,97.56734,92.65757,94.97804
2013-11-01,98.81933,103.7037,101.6354,92.84721,99.64562,98.88847,95.22993,96.53498,103.7375,100.6714,96.21485,88.3297,58.78301,89.84508,100.0,93.40974,95.60492,98.58636,106.1217,96.81807,95.87418,99.15666,99.62449,93.82716,99.78996
2013-12-01,98.70027,102.2513,103.2102,94.96243,99.83892,99.69337,96.46534,89.91393,98.48788,99.71319,98.90046,88.68635,62.91619,88.84514,98.94736,94.69914,100.7831,97.3571,104.7823,97.3218,93.13882,99.83782,97.17551,96.55621,100.1337
2014-01-01,99.05745,100.7988,101.1508,92.17924,99.16237,100.1533,95.33288,97.46193,100.8845,98.3052,97.49927,90.82623,63.83467,87.9382,100.6316,92.69341,97.2351,97.3571,102.0005,98.12778,94.9168,99.74051,98.05714,92.91748,100.0191
2014-02-01,98.58121,105.1561,102.1199,93.96048,99.16237,100.7282,96.36239,95.74046,101.7974,100.1336,99.48428,91.65841,69.80482,87.46317,99.89474,94.26934,99.63241,97.72588,101.0732,98.22853,94.64326,100.1297,99.23265,90.96816,100.0191
2014-03-01,96.67625,100.5084,101.7565,95.29641,99.45232,98.31353,95.64173,97.32951,101.1127,99.49808,97.61604,92.49059,70.26406,84.49992,98.63158,92.40688,97.90634,94.77566,99.73383,99.63899,94.36973,97.21051,98.15511,94.34698,98.07141
2014-04-01,98.10497,104.1394,102.3622,95.51907,99.06572,98.5435,97.8037,99.31583,102.7104,99.47852,99.83458,93.91718,84.95982,84.13187,99.68421,98.2808,97.71456,96.49662,105.0914,98.43002,95.87418,99.15666,102.0735,93.30734,98.30055
2014-05-01,96.67625,100.5084,100.6663,94.96243,98.58247,97.96857,96.67124,100.64,102.0257,97.92387,104.7387,93.32277,87.25603,84.74117,98.31579,97.99427,97.2351,96.74247,104.6793,92.88892,94.5065,97.69705,100.8,93.43729,95.55089
2014-06-01,100.3671,102.9775,106.1175,94.96243,98.67912,96.12878,96.15649,100.3752,99.97147,99.35141,98.19987,95.58154,67.50861,86.40221,100.3158,95.27221,99.44063,96.00491,103.0308,98.22853,94.78003,98.08628,98.84081,95.90643,97.49857
2014-07-01,97.86685,101.6703,101.0297,94.8511,100.3222,98.5435,96.15649,104.083,101.4551,100.1727,97.84956,96.53259,74.09108,89.43813,98.8421,97.70773,100.1119,96.61954,103.649,96.81807,96.42124,98.47551,98.25306,96.42625,95.55089
2014-08-01,97.03344,98.03922,102.3622,95.96438,96.74613,101.0732,96.15649,101.4346,102.1398,98.53986,96.09808,90.94511,77.15269,93.64669,97.36842,93.69627,98.96117,97.11124,104.0611,97.5233,95.60064,96.62666,96.29388,95.38661,97.15486
2014-09-01,98.10497,102.687,102.1199,97.30031,99.16237,99.11844,97.186,101.8318,99.97147,99.72296,97.03221,93.44165,73.1726,96.76832,98.10526,97.13467,99.8242,98.58636,102.3096,101.4524,96.28448,96.72397,99.42857,93.95712,95.32175
2014-10-01,96.67625,99.49165,104.1793,96.29836,99.45232,100.1533,97.28895,100.9049,101.3409,98.18787,99.60105,91.30177,73.47876,101.1724,98.0,98.56734,99.63241,98.58636,101.1763,102.5607,96.55801,98.76743,102.1714,95.64652,95.78003
2014-11-01,98.46215,99.20116,104.4216,97.18898,99.35567,98.5435,97.49485,102.3615,100.5421,96.8092,99.01722,94.15495,72.10104,99.58836,97.89474,98.42407,100.9749,96.49662,101.6914,99.94123,96.14771,99.25397,100.3102,95.90643,95.43632
2014-12-01,99.89086,99.92738,103.5736,99.41553,100.9987,102.3381,96.77419,100.7725,98.25963,100.1532,96.68191,92.60947,72.56027,98.47759,99.05264,96.70487,100.879,97.3571,101.7945,100.5457,97.92569,97.59974,103.249,96.94607,99.56081
2015-01-01,99.7718,102.2513,104.3004,97.41164,98.58247,97.39364,95.95058,99.05098,97.00428,99.87941,97.96633,97.95918,77.45886,99.28056,98.63158,93.26647,100.5913,96.61954,103.8551,97.72479,98.47276,96.62666,104.0327,98.63548,94.63433
2015-02-01,99.89086,97.74873,100.0606,98.63624,99.64562,98.19854,97.5978,100.7725,98.83025,100.8376,101.2358,95.70042,107.0034,101.417,99.47369,100.4298,100.1119,97.48003,104.4733,100.3442,98.88306,98.96205,101.7796,96.94607,95.78003
2015-03-01,100.248,100.2179,99.2126,99.19288,99.64562,100.9582,100.2745,100.5076,100.6562,100.6616,101.5861,99.38577,106.3911,103.5515,99.78947,99.1404,100.879,101.2907,101.4854,101.3517,100.114,98.18359,105.8939,99.28525,96.00916
2015-04-01,100.0099,101.6703,101.7565,100.3062,100.4188,101.8781,97.5978,101.1697,100.428,99.67407,101.119,97.60254,94.75698,107.1663,100.0,100.5731,100.9749,102.52,99.21868,94.09789,97.92569,100.2271,105.1102,97.9857,102.3105
2015-05-01,99.7718,100.7988,102.6045,99.97217,100.6121,100.0383,99.86273,101.3021,99.6291,100.3585,96.91544,98.07806,99.65557,105.7428,100.9474,101.1461,101.7421,99.69269,98.49747,98.63152,99.1566,101.2001,105.2082,99.54516,100.3628
2015-06-01,100.3671,98.47495,98.36462,99.86084,100.5155,104.7528,100.6863,101.6994,101.5692,100.5932,95.74779,100.0991,103.6357,105.0269,100.4211,102.8653,99.7283,98.95513,101.3823,102.4599,99.43014,100.8109,105.9918,100.5848,100.2482
2015-07-01,100.3671,99.49165,101.272,102.644,101.9652,100.9582,101.8188,101.3021,99.51498,99.74252,96.56515,101.5257,100.5741,100.2263,101.4737,102.2923,98.00224,101.6595,101.2793,99.33675,100.661,103.2436,107.4612,99.28525,98.41512
2015-08-01,100.129,98.62019,100.5451,101.0854,99.45232,102.683,100.5834,101.567,100.0856,100.5932,100.7687,99.02913,106.5442,96.24937,98.94736,97.56447,102.3174,101.6595,97.67322,102.2584,98.74629,97.69705,97.66531,100.065,103.227
2015-09-01,99.65274,101.2346,101.3931,99.97217,99.64562,99.80836,100.9952,100.9049,101.5692,101.5612,100.1849,102.0012,102.2579,93.74108,100.1053,96.13181,98.96117,100.9219,99.21868,105.0793,100.661,100.6163,106.7755,100.1949,102.7688
2015-10-01,100.8433,101.3798,101.9988,101.8647,100.5155,96.93369,100.4804,101.8318,99.97147,101.659,99.48428,101.7634,96.44087,92.87556,100.2105,104.298,99.92009,100.799,101.5884,100.445,101.4817,104.1194,106.1878,98.89539,102.3105
2015-11-01,100.129,101.6703,101.1508,99.41553,99.25902,96.35876,101.5099,98.25645,98.602,99.41985,102.637,101.8823,99.65557,95.57133,100.9474,102.8653,100.9749,100.4302,101.8975,99.13525,101.6184,100.4217,105.9918,100.1949,102.6542
2015-12-01,97.98591,100.3631,98.97032,99.63818,99.74227,100.1533,100.7893,94.81351,102.1398,99.73274,105.7896,100.6935,105.6257,99.15125,99.05264,100.5731,98.96117,99.69269,99.11565,99.13525,102.0287,99.83782,102.9551,98.37557,100.9357
2016-01-01,102.272,105.8824,100.424,101.3081,101.2887,103.8329,100.8922,101.1697,100.1997,101.2972,102.0531,100.5746,107.7688,94.68015,102.1053,100.5731,101.5503,102.7658,101.5884,99.236,101.7552,101.3947,106.7755,106.5627,101.1648
2016-02-01,101.0815,102.5418,105.0273,103.312,101.0954,101.6481,102.8483,100.3752,101.9116,101.1407,98.66692,100.3368,86.79678,90.75861,100.6316,103.2951,102.0297,98.58636,102.3096,99.236,102.3023,102.8544,107.0694,107.4724,101.2794
2016-03-01,100.9624,103.7037,103.2102,102.1987,100.3222,102.568,101.5099,96.79982,100.0856,100.3781,100.1849,96.53259,86.49062,88.77777,100.7368,100.5731,101.5503,103.2575,103.2369,99.73974,100.2507,101.2001,103.3469,103.4438,100.4774
2016-04-01,101.6768,105.0109,102.2411,102.0874,100.9987,102.2231,103.6719,102.6264,105.3352,101.8056,103.5711,101.8823,92.61385,87.59032,102.5263,98.99713,99.44063,103.0117,103.0308,100.6465,103.6699,103.8274,104.2286,104.6134,105.0602
2016-05-01,101.3196,100.9441,101.3931,99.63818,99.35567,102.1081,101.0981,99.71309,104.0799,100.0456,101.119,100.9312,93.8385,89.61387,100.7368,102.0057,100.016,104.3639,101.1763,100.848,102.0287,101.0055,103.0531,105.1332,99.78996
2016-06-01,100.7243,103.9942,100.0606,103.4233,101.192,102.683,99.86273,99.31583,105.4494,99.45897,101.9364,99.74242,98.73708,91.62724,99.57895,101.4327,99.53652,106.0848,102.8248,96.01209,103.2596,101.784,107.1673,105.653,99.33168
2016-07-01,100.4862,108.4967,99.33374,101.6421,99.93557,106.3626,100.3775,105.1423,106.933,99.41008,102.8705,102.8334,98.27784,93.90134,101.7895,103.8682,100.3037,104.4868,101.1763,99.53824,102.3023,101.1028,98.44898,107.8623,102.0813
2016-08-01,102.5102,106.7538,101.8776,103.312,101.482,105.2127,101.5099,103.2885,103.6234,101.1701,103.3375,100.8124,81.8982,97.52728,102.4211,98.7106,97.2351,101.9053,100.146,95.00462,103.6699,100.3244,108.4408,106.9526,98.18598
2016-09-01,101.9149,103.268,100.6663,102.4214,101.192,96.93369,101.9218,107.3935,105.5635,100.2705,101.7028,98.91024,92.76694,92.27877,102.2105,104.0115,98.57759,103.8722,99.9399,89.66502,104.3538,102.0759,104.4245,107.7323,105.633
2016-10-01,103.5817,102.8322,100.1817,103.8686,101.8686,107.8574,100.8922,107.7908,106.4765,99.86963,105.2058,100.0991,98.89017,88.62807,102.7368,104.7278,98.19402,108.2975,101.1763,101.7547,102.1655,101.2974,106.6776,108.3821,101.7376
2016-11-01,104.0579,104.5752,99.81829,103.7573,101.6753,109.3522,102.0247,108.5853,105.5635,101.9816,104.7387,102.8334,94.91006,88.01321,103.6842,104.0115,97.71456,111.1248,103.8551,100.9487,104.7641,101.8813,106.0898,108.2521,102.3105
2016-12-01,104.177,110.6754,102.1199,103.312,99.35567,108.4324,102.0247,105.2748,104.3081,101.307,105.9064,103.3089,95.67547,88.60029,105.4737,105.5874,102.2215,110.1414,104.7823,97.82554,106.6788,102.5624,103.6408,110.3314,101.8522
2017-01-01,103.3436,104.7204,106.2386,105.7612,101.0954,101.6481,105.2162,103.156,107.5036,101.3558,106.1399,101.7634,94.75698,86.84499,102.3158,107.7364,97.71456,109.4038,101.8975,98.32928,106.5421,97.1132,105.698,107.8623,103.3416
2017-02-01,104.8914,107.48,101.7565,106.8745,101.8686,106.4776,102.5395,105.2748,106.2482,100.4954,108.1249,103.5467,97.51244,86.16381,103.2632,110.0287,101.5503,111.2477,104.7823,98.63152,106.4053,101.4921,107.2653,111.6309,104.3727
2017-03-01,105.8438,105.4466,104.785,106.6518,101.3853,109.0073,102.5395,107.5259,105.107,102.3727,108.0082,104.26,90.92996,87.56065,104.2105,103.0086,103.0845,113.5833,103.546,99.43749,109.2774,105.6763,107.951,112.9305,105.633
2017-04-01,106.3201,106.8991,102.9679,110.103,103.3183,104.4078,102.5395,109.5122,106.02,101.3656,103.6878,106.1621,98.27784,88.80307,103.7895,102.8653,104.3311,113.4604,102.0005,99.73974,107.3627,101.4921,106.0898,113.8402,105.4039
2017-05-01,106.201,105.4466,104.785,111.5502,103.6082,108.6623,103.7749,107.7908,107.3894,103.6732,107.4243,106.8754,92.61385,86.68665,104.6316,107.7364,102.6051,115.1813,102.1035,98.63152,108.8671,105.1898,107.7551,114.1001,106.0913
2017-06-01,107.1535,109.0777,105.0273,107.5424,103.4149,106.5926,104.9073,108.188,107.7318,102.5683,106.7238,105.9243,88.32759,84.71561,106.0,109.7421,105.2901,114.1979,103.3399,99.03451,109.9613,104.9951,104.2286,113.0604,106.5496
2017-07-01,109.1775,113.435,108.9037,107.3198,103.8982,102.913,103.3631,106.3341,109.2154,102.5096,105.3226,103.6655,100.8802,91.53857,106.8421,109.4556,103.0845,113.8291,102.5157,98.83301,108.7303,106.9413,103.7388,115.3996,106.7787
2017-08-01,110.0109,111.8373,108.9037,109.8803,106.3144,107.5125,104.2896,104.7451,107.2753,102.8616,109.1758,106.9943,91.69537,100.1429,108.7368,110.745,105.386,113.3374,102.4126,99.84048,112.6966,108.0117,107.0694,115.9194,105.1747
2017-09-01,109.7728,108.3515,107.2078,110.8823,105.2513,101.4182,104.8044,108.0556,106.8188,104.0643,104.3884,107.1131,97.8186,95.64026,105.4737,111.3181,104.9065,116.5335,103.2369,99.84048,111.6025,105.6763,108.4408,120.2079,107.5807
2017-10-01,109.2966,106.6086,107.0866,108.9897,103.7049,105.4427,105.628,109.6447,108.4165,104.5532,107.6579,107.7076,105.0134,92.9348,106.0,109.8854,101.7421,115.4272,104.8854,96.41508,112.8334,104.6059,108.5388,118.9084,107.8098
2017-11-01,111.6777,110.0944,108.7826,111.8842,107.3776,107.1675,106.7605,107.5259,109.9001,104.8856,106.1399,106.3998,118.0253,96.8969,107.7895,113.6103,107.5915,115.7959,105.2975,95.91134,112.6966,104.9951,111.5755,119.1683,109.2992
2017-12-01,111.9159,106.7538,115.4452,113.4428,106.6044,104.4078,108.4077,109.5122,111.2696,106.0589,107.8914,109.253,108.3812,102.4182,111.1579,113.7536,107.8792,114.9355,105.5036,95.70985,114.6114,103.6328,105.502,123.3268,109.9866
2018-01-01,110.6062,110.2397,109.8728,112.5522,105.9278,106.9375,105.3191,111.2337,111.3837,102.2065,107.8914,109.253,101.3395,99.9745,106.7368,116.6189,104.427,116.6564,104.7823,96.81807,113.654,105.2871,100.898,123.3268,109.0701
2018-02-01,111.6777,106.6086,111.6899,110.103,104.1881,105.9026,105.5251,106.9962,111.3837,103.7123,107.5411,107.3509,97.20628,98.67519,106.2105,111.7478,101.7421,118.3774,104.3702,96.51582,113.9275,103.6328,102.4653,120.078,108.8409
