date,DEU,BEL,ITA,LUX,PRT,AUT,FRA,NLD,FIN,GRC,ESP,IRL,SVK,SVN,EST,LTU
1998-01-01,75.76283333333333,69.82627333333333,123.74656666666665,83.17947333333333,127.0484,59.88689333333334,101.39819999999999,87.07717333333333,87.95952666666666,138.65126666666666,114.44746666666667,31.942850000000004,34.55605666666667,74.55057333333333,43.98433666666667,58.16619
1998-04-01,75.72920333333333,70.31292333333333,124.11443333333334,82.52461,129.05983333333333,60.720310000000005,102.79316666666666,87.96668666666666,89.32556333333333,138.2666,115.95743333333333,31.942853333333332,34.034863333333334,74.07407333333333,42.14436,59.21681
1998-07-01,75.76283,69.96425333333333,123.17796666666668,74.51972666666667,128.4592,61.67278666666667,102.24883333333334,88.09376666666667,88.75915666666667,139.43386666666666,116.5065,34.18803333333333,33.479816666666665,73.85748,39.876603333333335,58.357213333333334
1998-10-01,74.78763,69.42622333333334,121.77326666666666,74.84975666666666,128.76806666666667,61.593410000000006,102.79643333333333,88.09376666666667,88.52593333333334,141.82180000000002,117.33013333333334,34.49419666666667,32.48413333333333,73.29434666666667,39.40506333333333,59.21681
1999-01-01,75.09028,68.99921666666667,121.73983333333335,82.25740666666667,131.15053333333333,61.791846666666665,102.54543333333334,89.42803333333332,90.15851333333335,139.5021,116.95266666666667,36.38219333333333,32.45731,72.73120999999999,38.21892666666667,51.24164666666667
1999-04-01,75.79646000000001,69.66995,120.93716666666667,86.53828333333335,132.6362,63.81585333333334,103.94693333333333,89.52334,91.75777666666666,139.96806666666666,117.74193333333334,36.076029999999996,32.99975,72.34134666666667,39.03804,55.682903333333336
1999-07-01,76.93979333333334,70.98676999999999,123.51243333333333,91.17580666666667,131.75706666666667,64.64927,104.8856,90.79407666666667,91.59118666666666,143.60816666666668,120.6932,38.984563333333334,32.91461,73.59757666666667,40.102646666666665,51.528173333333335
1999-10-01,77.74686,72.46977,125.38533333333334,92.34917666666666,133.7319,68.26074,107.19313333333332,91.96950666666667,94.09003666666666,145.88003333333333,121.85996666666666,40.71948,33.24382333333333,75.72016666666667,41.50511,46.70487
2000-01-01,80.28350666666667,67.10239333333332,125.78946666666667,87.13440666666668,115.699,67.38763999999999,107.82543333333332,94.17017333333332,95.82501,152.14553333333333,125.01716666666668,38.321216666666665,34.18775333333334,75.37362,44.80247333333333,51.241643333333336
2000-04-01,82.44201,71.70176333333333,128.10526666666667,92.34457333333334,115.82873333333333,70.12600333333334,109.43876666666667,95.74998,98.41178000000001,152.3402,124.70830000000001,42.55645,33.50204,78.96902666666666,45.288016666666664,48.56733666666667
2000-07-01,83.85953666666667,72.47639333333333,128.0351,93.33546333333334,118.74796666666667,71.51503000000001,109.64083333333333,94.85704666666668,101.26483333333334,151.67853333333332,123.98763333333333,44.44444333333333,34.18775333333334,78.96902333333333,44.979036666666666,53.199616666666664
2000-10-01,84.18169999999999,74.94553,130.49123333333333,94.29438333333333,119.62373333333333,74.61057666666666,110.96083333333333,92.72774,103.20493333333333,152.10663333333332,124.02196666666667,48.475570000000005,35.23265333333333,80.26857333333334,46.788790000000006,50.14326666666667
2001-01-01,84.56829666666667,75.91382,128.17543333333333,95.82867333333333,119.62373333333333,73.69778666666666,111.71046666666666,94.0328,102.67233333333333,151.13363333333334,123.36993333333334,50.363566666666664,35.33061,80.83171,49.03994666666667,56.208216666666665
2001-04-01,83.60180000000001,75.47809,126.59649999999999,95.76474333333333,120.27246666666667,72.58656333333333,111.00973333333333,97.70755000000001,98.67808333333335,144.08873333333335,123.12973333333332,47.40400666666667,35.62448666666666,81.22157,47.75987666666666,56.494746666666664
2001-07-01,82.76417666666667,74.21931333333333,125.1579,96.65974,118.35876666666667,73.14217666666667,111.0521,96.23078666666667,99.28673666666667,143.9330666666667,123.6445,47.40400333333333,35.689796666666666,81.35153000000001,49.039950000000005,55.77841333333333
2001-10-01,80.96005333333333,72.96053666666667,123.193,97.17116666666668,119.49403333333333,73.18186333333334,109.53003333333334,93.79239,97.95530333333333,141.79236666666668,120.41863333333333,47.96529999999999,35.102039999999995,81.22157,51.82079000000001,61.36581
2002-01-01,81.37886666666667,74.46138666666667,124.03506666666665,98.09813000000001,119.5913,72.50719333333335,109.9798,93.79239,99.51497333333333,145.02286666666666,121.51679999999999,52.04745333333333,35.6898,83.04093666666667,50.4083,56.781283333333334
2002-04-01,82.05541,75.28443333333333,123.75439999999999,100.65526333333334,121.89426666666667,74.65026,110.43936666666667,97.87928333333333,101.34093333333334,143.89413333333331,121.65406666666667,53.57826333333333,37.551023333333326,82.78102666666668,53.32156333333333,61.652343333333334
2002-07-01,82.57088,74.75187,123.50876666666666,99.92009,120.24003333333333,73.53904,109.76143333333334,98.56618333333334,101.26486666666666,142.2594,122.75223333333334,52.50669333333334,38.62857333333333,83.60407,54.42507333333333,59.02579
2002-10-01,82.21649333333333,75.76857666666666,124.17543333333333,105.00236666666666,117.80733333333335,73.89622,108.47403333333334,95.44088333333333,102.13981000000001,145.02286666666666,123.98763333333333,50.669729999999994,39.77142666666666,82.26121333333334,56.45553,64.18338
2003-01-01,82.63531,75.76857666666666,123.78946666666667,105.80149999999999,119.49400000000001,75.32493333333333,109.70926666666666,97.84492666666667,100.35186333333333,142.37616666666665,123.267,53.11902,42.02449,83.17089,57.779740000000004,69.34097666666666
2003-04-01,81.95876333333332,75.76857666666668,122.45613333333334,105.06633333333332,118.4885,74.45182666666666,107.6755,91.93783666666667,100.88445333333334,144.5558,123.64446666666667,53.57826,43.102039999999995,82.08793666666666,58.66255,62.368676666666666
2003-07-01,81.76546333333333,76.25272333333334,122.0,106.98419999999999,116.47746666666667,74.96775666666666,108.0927,93.51764666666668,101.56920000000001,143.8552,123.81606666666666,55.26215,44.24489666666667,83.38748,60.38401666666667,71.25119666666667
2003-10-01,83.63402,77.12418000000001,124.0,107.43166666666666,119.29936666666667,75.40430666666667,109.0672,97.4328,101.91156666666666,146.4629666666667,126.14963333333333,58.98711333333333,45.844899999999996,85.72666,62.50276,75.78796666666666
2004-01-01,84.08505333333333,77.89881,123.54386666666666,110.40436666666666,114.8232,77.30926000000001,110.1004,98.15402999999999,102.5963,145.25639999999999,125.53190000000001,55.41523333333333,44.83265333333333,86.02989000000001,63.03244333333333,76.45654
2004-04-01,85.18041666666666,80.27111666666667,123.75436666666667,112.00253333333335,115.63413333333334,79.25389333333334,110.21443333333333,99.01262000000001,106.66666666666667,148.13660000000002,127.48799999999999,55.9255,45.06122666666666,86.33311666666667,64.35665333333334,74.7851
2004-07-01,85.47035666666666,81.57830666666666,122.17543333333333,111.87466666666667,111.1904,80.92072666666667,109.79076666666667,101.41668333333332,107.1992,143.89413333333334,127.62523333333333,55.97652333333334,44.96326666666667,87.45939,67.1375,77.26838666666667
2004-10-01,85.18041333333333,84.2411,122.0,111.20346666666667,112.03373333333333,81.27790333333333,110.67076666666667,99.42475,108.79696666666666,143.19353333333333,126.21826666666668,56.537823333333336,46.75918333333333,86.93957,67.79960333333334,81.61413666666667
2005-01-01,86.27577666666666,84.14427,121.0877,110.59609999999999,132.2089,80.76198333333333,110.33506666666666,99.59644666666668,105.29719999999999,143.07676666666666,125.97806666666668,56.639873333333334,43.75510333333333,87.45938666666666,68.99139333333333,82.47373333333333
2005-04-01,87.1134,82.78866666666667,122.10523333333333,111.93863333333333,129.93836666666667,82.70662,110.29270000000001,101.21063333333332,101.79745666666668,141.09173333333334,127.41936666666668,58.27273666666667,44.63673666666667,90.18843,71.46325,81.75740333333333
2005-07-01,88.24098,82.35293666666666,122.38596666666666,119.4502,124.29453333333333,83.65909333333333,109.98306666666667,98.77222666666667,106.4384,142.37616666666668,127.86546666666668,57.55836,44.995920000000005,91.22807,73.97925,81.94842666666666
2005-10-01,89.88402,87.29121333333335,122.8421,116.2538,128.28413333333333,86.11965,110.79786666666666,99.93990000000001,110.01426666666667,142.53186666666667,128.38023333333334,60.10971,47.053059999999995,94.00043,76.23041,86.53295666666668
2006-01-01,90.39948666666668,87.5817,124.31580000000001,115.07113333333332,123.32143333333333,87.15150666666666,110.7946,103.78636666666667,117.43223333333333,143.31026666666665,131.1256,57.609386666666666,48.81632333333334,92.74420666666667,76.62767666666666,90.78318999999999
2006-04-01,92.20360666666666,89.17937333333333,126.52633333333334,116.98896666666667,125.30006666666668,88.42147,112.42746666666666,103.1682,117.16596666666668,145.2564,131.64036666666667,62.09976,50.906126666666665,94.78015666666666,79.62922,91.11747666666668
2006-07-01,94.07216666666666,88.16267,126.94736666666667,118.55523333333333,128.28413333333333,90.56453333333333,111.46600000000001,99.14998666666668,117.16596666666668,142.2594,131.81193333333331,60.4669,53.97551000000001,97.59584333333333,80.90929,85.62559666666668
2006-10-01,95.03866000000001,92.76204,128.3157666666667,119.25843333333334,131.00876666666667,92.70761,111.5768,101.76013333333333,114.99763333333333,142.72646666666665,133.4935,59.80354333333333,54.88979666666666,101.10461,82.98389,83.61986666666667
2007-01-01,96.61726666666668,94.21447333333333,129.36843333333334,119.92966666666666,127.44080000000001,94.37443666666667,112.35253333333333,103.13386666666666,121.23629999999999,149.07073333333332,135.27793333333332,62.91618666666667,58.28571333333333,101.45120000000001,81.52725666666667,87.24928333333332
2007-04-01,97.68041333333333,95.32800666666667,129.29826666666668,118.87486666666666,124.6189,94.57287000000001,113.03046666666667,103.61466666666666,120.62766666666666,146.42406666666668,135.6898,60.619976666666666,59.918366666666664,102.88063333333334,86.55925666666667,92.02483333333333
2007-07-01,99.48454666666667,96.05422666666668,130.98243333333332,113.6647,119.07233333333333,95.20785333333333,113.33353333333334,106.63690000000001,121.69279999999999,145.52883333333332,134.1112,63.01824333333334,60.995916666666666,105.21986666666668,87.00066,93.07545666666665
2007-10-01,100.41883333333334,99.68532333333333,128.2105,115.9661,124.22966666666666,95.24754666666666,113.0761,111.13589999999999,123.48073333333332,144.86716666666666,134.14553333333333,66.07985666666667,64.0,104.95993333333332,85.67645,86.38968333333332
2008-01-01,101.48196666666666,102.0092,130.63156666666666,117.43646666666666,123.6782,98.77964333333334,113.8094,107.87326666666667,125.64906666666667,143.2714,133.8023,61.9977,91.75510333333334,108.2521,83.82255666666667,95.08118666666667
2008-04-01,100.67655666666667,100.79887000000001,129.43856666666667,114.36793333333333,119.23450000000001,98.77964000000001,111.96139999999998,109.07530000000001,125.72516666666667,143.23243333333332,128.79206666666667,61.130246666666665,88.88163333333334,109.2051,85.23505,100.28654666666667
2008-07-01,99.45231333333334,101.52506666666666,122.49123333333334,116.2538,113.915,97.43029999999999,109.62776666666666,106.91163333333333,124.58393333333333,138.98996666666667,124.12490000000001,62.04872666666666,87.47755000000001,107.03923333333334,84.26396,94.55587666666668
2008-10-01,92.68685333333333,95.57008,114.00003333333332,95.09348666666666,107.97923333333334,91.35827,102.79316666666666,103.54597333333334,115.75843333333334,132.80136666666667,113.2464,61.64051666666666,79.70612333333334,95.68983333333334,71.68395666666667,84.62273333333333
2009-01-01,81.05669999999999,87.24279333333334,101.40349666666667,86.39922999999999,98.83230666666667,86.95307000000001,94.9384,98.42877,102.25392333333333,126.34036666666668,103.91213333333333,61.38538,68.8,88.06584333333335,64.04767333333332,82.23495666666666
2009-04-01,80.50902,89.22779000000001,98.80701666666668,89.97922333333334,99.05937,83.22254333333333,94.47233,95.95603999999999,98.67808333333333,124.044,103.53466666666667,60.31381666666667,71.15102333333333,83.47411666666666,59.23637333333334,80.18147333333333
2009-07-01,83.44072333333334,88.88888666666666,100.66665333333333,98.16206999999999,101.45961333333332,84.37345,96.51261,99.56211,100.88445,122.87633333333333,106.4173,56.946036666666664,77.94285333333333,86.98288666666667,61.57581,80.27698
2009-10-01,84.82603,90.72863666666667,103.33333333333333,97.93831,103.50306666666667,86.23871333333334,97.25898,100.97023333333334,101.75939999999999,122.09786666666666,106.31436666666667,56.843983333333334,80.39183666666666,88.15248333333334,62.414476666666665,79.17860666666667
2010-01-01,86.50128666666667,94.74703666666666,105.33333333333333,99.34472333333333,101.91373333333333,86.63558,98.61156333333334,105.67526666666667,102.67236666666668,117.50513333333333,104.8387,64.70213,83.23264999999999,88.54234333333333,68.19686666666666,80.42024333333333
2010-04-01,90.91494666666667,95.95739333333334,107.4386,103.6599,102.33539999999999,90.08830333333333,99.66754666666667,107.4268,107.38943333333333,116.4153,106.58886666666668,63.42645666666667,87.21632666666666,92.05111666666666,72.39020333333333,83.23782
2010-07-01,92.39690333333334,97.36141333333335,110.21053333333333,99.44060666666667,101.58933333333334,92.62823333333334,100.05214666666666,104.40456666666667,106.3243,111.86143333333332,106.14276666666667,62.91618333333333,87.67347,93.78384666666666,78.70227333333334,86.05539666666668
2010-10-01,95.81185666666666,100.31468666666666,109.40350000000001,102.06170000000002,102.6922,93.85852,101.66223333333333,108.045,109.44366666666667,115.55903333333333,106.72616666666666,63.936723333333326,88.91428666666667,95.64652666666666,83.99912,91.16523333333333
2011-01-01,96.93943333333334,103.21956666666667,109.9649,106.44080000000001,103.08139999999999,96.31907999999999,103.99583333333334,107.52983333333334,109.90013333333333,111.9393,106.4173,63.12029666666666,90.35102,94.17370333333334,88.98698,91.26074666666666
2011-04-01,97.84149333333333,101.6703,110.52633333333334,104.2033,100.97307666666666,96.75563333333332,102.76056666666666,104.61063333333334,108.835,106.91833333333334,104.7701,64.29391,89.37142666666666,94.21702666666665,90.75259333333334,89.82807666666668
2011-07-01,99.19458333333334,102.83223333333332,108.14033333333333,102.18952333333334,100.06488333333334,96.63657,102.25863333333332,106.73993333333333,106.13409999999999,109.37043333333334,103.84349999999999,63.27337666666667,92.14694333333334,93.95711333333334,93.35687333333333,90.35339333333333
2011-10-01,98.26031,99.68531,107.1228,98.73741666666668,98.11871333333333,96.67625666666667,102.39880000000001,103.58030000000001,109.36756666666666,102.55914,101.33836666666666,62.86516333333333,93.32245333333333,94.95342999999998,90.17876666666666,90.11461000000001
2012-01-01,98.22809333333333,102.29966666666667,104.17546666666668,98.09813000000001,96.65910333333333,96.835,101.57746666666667,105.57223333333333,106.47646666666667,102.09203333333335,100.10295,64.65110333333332,95.08571333333333,94.60689333333333,90.88501666666666,92.21585666666665
2012-04-01,98.16366,99.6853,103.43856666666666,98.92921000000001,93.93447666666667,98.34309,100.36179,107.04903333333334,107.76983333333334,103.53216666666667,97.52916666666665,64.14083333333333,101.51833333333333,94.86679666666667,91.10572,87.10601666666666
2012-07-01,98.48582333333333,100.84726666666667,103.1228,99.79223999999999,96.72396666666667,98.50183333333332,100.55408666666666,103.61470000000001,106.01996666666666,105.08903333333335,96.94578333333334,61.283326666666674,101.94286666666666,94.82347333333333,93.66585666666667,96.99140666666666
2012-10-01,96.06959,97.07092999999999,100.07015333333334,94.70992666666666,93.02627666666666,98.10497333333335,98.70281999999999,103.95806666666665,104.19403333333334,101.93636,94.33767999999999,61.07922,103.4449,92.57093333333334,93.04789333333333,97.56446666666666
2013-01-01,96.32732,97.55507333333333,99.50878333333333,92.12082333333332,96.26987000000001,96.99374999999999,99.94461666666666,106.73989999999999,104.61243333333334,99.75673333333334,94.74948666666667,59.70149,95.77143000000001,93.26402333333333,95.43147333333333,100.00000333333332
2013-04-01,97.68041,99.92738000000001,99.43861,92.856,96.26986333333333,98.38277666666666,101.17983333333332,107.0147,102.48216666666667,102.87049999999999,94.61221666666667,64.29391333333332,96.06531,92.39765666666666,96.00529999999999,94.03056333333332
2013-07-01,98.22809,100.26628,99.33333333333333,96.37205999999999,95.49140999999999,98.70027,99.23734,104.0268,102.9767,99.48429333333333,95.57309666666667,61.13024333333333,96.29388,92.57093666666667,97.85919,96.46609666666666
2013-10-01,99.16237333333333,102.20286666666668,99.75438666666666,98.25794333333334,99.15666333333333,98.54152333333333,99.86311,104.74796666666667,101.53112666666668,98.16094333333332,96.01922,59.089169999999996,98.12244666666668,94.34697999999999,94.72522666666667,95.08118333333334
2014-01-01,99.25902,102.15443333333333,99.71930666666667,98.25795,99.02690666666666,98.10497,99.31229333333333,100.93584333333332,101.26486666666666,98.19986333333333,95.779,67.96785,98.48163333333333,92.74420666666667,96.84396666666667,93.12321000000001
2014-04-01,98.77577000000001,102.54176666666666,99.4386,98.13009666666666,98.31333000000001,98.38277333333333,98.91793333333334,104.26716666666665,101.56919,100.92438333333332,96.87714333333334,79.90815333333333,100.57143666666667,94.21702,100.11034333333333,97.18242666666667
2014-07-01,98.74356666666665,100.79884,98.10526,99.63242333333334,97.27538,97.66842000000001,99.47850666666666,103.3399,101.18879,96.99328333333334,96.49966,74.80545666666667,97.99183666666666,95.25666000000001,102.4498,96.17955666666667
2014-10-01,99.93556333333333,99.54006333333332,98.31579333333333,100.49543666666666,98.54037999999998,98.34308666666668,98.38342333333333,101.55406666666666,100.04754333333334,98.43339333333334,97.18599666666667,72.71335666666666,101.91019999999999,96.16633999999999,101.3463,97.89876
2015-01-01,99.29123666666665,100.07264333333335,99.29824666666667,100.5274,97.9241,99.97022,100.45953666666666,103.27126666666668,98.83024333333333,100.26274333333333,97.94096,96.95112,103.90206666666667,98.28893333333333,100.11036,97.61222333333335
2015-04-01,100.51546666666667,100.31468333333333,100.45616666666666,100.81509999999999,100.74603333333334,100.0496,100.20859,99.69948333333333,100.5421,97.92741000000001,99.38227666666667,99.34941666666667,105.43673333333334,99.37188666666667,101.3904,101.52816666666666
2015-07-01,100.35437999999999,99.78214666666668,100.17545333333334,99.76026999999999,100.51898333333334,100.04961333333334,100.63230666666668,99.3904,100.38992666666667,99.17291666666667,101.13246666666667,103.12540000000001,103.96733666666667,99.84838333333335,101.258,98.66286000000001
2015-10-01,99.83893,101.13773333333334,100.07018,99.95205333333332,101.45964,99.65273666666667,100.27053000000001,100.86718333333333,100.23775666666666,102.63696,100.92653333333334,100.57404666666666,105.0449,99.15528666666667,98.30058666666666,102.5788
2016-01-01,100.9021,104.04263333333334,101.1579,101.7101,101.8164,101.43863333333333,100.93866666666668,102.37830000000001,100.73230000000001,100.30164,101.75013333333334,93.6854,105.7306,105.8263,99.44824,101.48043333333334
2016-04-01,100.51545666666668,103.3164,100.94735000000001,99.66438333333333,102.20563333333332,101.24023333333332,100.43672333333332,102.34396666666667,104.95483333333334,102.20883333333335,101.54424333333333,95.06314333333334,104.81633333333333,105.1332,100.55177333333334,100.81184333333333
2016-07-01,100.86985666666665,106.17283333333334,102.14036666666668,98.70546333333334,101.16770000000001,101.63709999999999,100.28356000000001,100.42073333333333,105.37330000000001,102.63693333333333,101.26973333333335,90.98099333333334,103.77142666666667,107.51573333333333,105.27476666666666,102.19676666666668
2016-10-01,100.96652333333333,106.0276,103.9649,99.37669333333334,101.91369999999999,103.93886666666667,101.05274333333334,103.27123333333333,105.44936666666666,105.28363333333334,101.6472,96.4919,105.4694,108.98853333333334,107.21696666666666,104.77556666666668
2017-01-01,101.44976666666666,105.88233333333334,103.26316666666666,100.78312,101.42720000000001,104.69293333333333,101.40796666666667,103.40859999999999,106.28626666666666,107.42433333333334,103.43173333333334,94.39979333333333,106.97143333333332,110.8079,105.3189,106.92456666666668
2017-04-01,103.44713333333334,107.14113333333334,104.80703333333334,104.07543333333332,103.89233333333334,106.5582,102.5357,102.48129999999999,107.04706666666668,105.94529999999999,103.74056666666667,93.07309333333335,106.02449999999999,113.6669,108.497,106.78126666666667
2017-07-01,105.15463333333334,111.20793333333334,107.01753333333333,104.459,106.87643333333334,109.65373333333334,103.14516666666667,102.72173333333335,107.76983333333334,106.2956,104.15236666666665,96.79805666666668,106.41633333333334,117.17563333333334,106.37826666666666,110.50623333333334
2017-10-01,105.89563333333332,107.81893333333333,108.31580000000001,105.7376,104.41126666666666,110.9634,105.16590000000001,105.22883333333334,109.86206666666665,107.22973333333334,106.93206666666667,110.4733,108.53876666666667,120.46783333333333,108.89426666666667,112.41643333333333
2018-01-01,105.31569999999999,108.9325,106.91226666666667,102.47723333333333,106.00066666666667,110.96336666666667,103.50043333333333,104.71363333333333,112.0304,108.00816666666667,106.2457,93.32824666666666,102.1388,121.33420000000001,109.73293333333334,114.37436666666667
2018-04-01,106.08890000000001,109.22296666666666,106.98243333333333,101.64616666666667,105.06003333333332,113.38423333333333,103.34723333333334,104.43889999999999,110.39466666666668,108.12493333333333,105.28483333333334,97.97168333333333,103.34693333333333,121.42086666666667,112.46963333333333,112.5597
2018-07-01,105.12240000000001,110.72383333333335,107.08773333333333,102.3494,105.0276,112.6699,103.59496666666666,103.88940000000001,111.04136666666666,108.7866,104.873,95.62444333333333,103.77143333333333,121.6807,112.20479999999999,114.18336666666666
2018-10-01,103.57603333333333,109.51346666666666,106.14036666666668,103.6599,102.01103333333333,116.28136666666667,103.9665,103.13383333333333,111.65003333333334,109.9932,104.63283333333334,95.57342333333334,103.47756666666668,122.33049999999999,115.60363333333333,119.1022
2019-01-01,103.38273333333332,112.854,106.42106666666666,101.80596666666668,101.39473333333332,116.75759999999998,104.83019999999999,103.13383333333333,112.10653333333335,109.56503333333335,106.0741,95.62443999999999,101.12653333333333,125.53609999999999,124.91723333333334,119.48423333333334
2019-04-01,102.28739999999999,119.1479,105.89473333333335,100.52741666666667,103.56793333333333,113.14616666666666,105.03226666666667,102.55003333333333,113.5901,109.21473333333334,105.93686666666667,98.37988333333334,99.52654666666666,125.23283333333332,122.40126666666667,119.77076666666666
2019-07-01,101.12756666666667,118.56693333333332,105.85966666666667,99.85618,101.00549666666666,112.31273333333333,103.78723333333333,102.37826666666666,114.38896666666666,108.35846666666667,104.97596666666668,102.61513000000001,94.62857000000001,124.8863,117.28096666666666,118.3381
2019-10-01,99.45232666666668,117.5018,103.85966666666667,94.93367333333333,101.62180000000001,111.20150000000001,102.85836666666667,101.69142333333333,112.41083333333334,105.36149999999999,105.69666666666666,108.99347333333333,92.47347,124.49643333333334,117.41340000000001,118.7679
2020-01-01,97.93813666666667,113.58026666666667,94.42105,91.57743333333333,100.12974666666666,111.08243333333333,97.61747333333334,102.10353666666667,111.0794,109.25366666666667,100.37748666666666,106.59525333333333,91.52653,121.89733333333334,120.41489999999999,116.90546666666667
2020-04-01,80.15464,106.51174333333334,78.38596333333334,78.18443333333333,77.45702333333334,94.45380666666667,79.21582666666666,95.09745333333335,107.69376666666666,100.41843333333334,79.78723000000001,109.96300000000001,71.4449,103.14058666666666,109.15913333333333,110.79273333333333
2020-07-01,91.65593000000001,114.83903333333335,101.22807666666667,92.18475333333333,99.02692666666667,108.86003333333333,96.23883666666666,99.08130999999999,109.0252,106.68486666666666,99.86271666666666,110.67736666666667,92.79999666666667,120.42453333333333,117.85476666666666,121.20343333333334
2020-10-01,97.48711333333334,120.74560000000001,101.40350000000001,92.31261,99.25399,112.35243333333334,98.36712333333332,100.18030666666665,109.9382,108.63093333333332,103.08853333333333,141.4466,95.90204,122.93696666666666,121.29773333333333,125.16713333333333
2021-01-01,97.29381666666666,128.9276,103.26316666666666,95.79670666666668,98.67012333333334,114.1383,98.19110666666666,101.27929,111.61200000000001,113.26263333333333,103.01993333333333,155.58106666666666,98.77551,125.57936666666667,127.25666666666666,134.957
2021-04-01,96.52062000000001,150.27836666666667,104.52629999999999,95.63688666666667,97.59974333333332,117.63073333333334,97.65660666666666,102.68740000000001,112.3728,115.44226666666667,101.61292666666668,155.01976666666667,97.01224333333334,128.1785,132.73006666666666,139.30276666666666
2021-07-01,93.81443333333334,153.81263333333334,105.50876666666666,95.76474,94.93999666666666,120.09126666666667,97.39912666666667,102.65303333333334,114.27483333333333,117.42726666666665,102.43650000000001,160.9899333333333,96.42449333333333,128.0485,132.68596666666667,142.74116666666666
2021-10-01,96.61727,148.00289999999998,106.31576666666666,96.40402666666667,98.02140666666666,122.47246666666666,97.86194,104.3359,117.7746,121.04700000000001,104.7701,142.82433333333333,99.00409333333334,132.7269,135.7758,156.11270000000002
2022-01-01,95.84406999999999,146.26,104.70176666666667,97.39493,96.52935666666667,125.52833333333332,98.60504666666667,104.50759999999998,117.81266666666666,119.45120000000001,104.221,161.24506666666667,97.20817333333333,132.20706666666666,137.8062,161.60456666666667
2022-04-01,95.42525666666667,140.30499999999998,106.66663333333334,91.54547000000001,99.61076666666668,126.95703333333334,98.15526999999999,108.045,120.81790000000001,118.71166666666666,106.96636666666666,165.73543333333336,94.17143,131.51396666666668,141.02846666666667,145.702
2022-07-01,96.19845333333335,143.50036666666665,105.89476666666667,91.25779333333334,97.72948666666667,126.32203333333332,99.10698000000001,107.32376666666666,117.96480000000001,122.1368,106.3487,172.57303333333334,92.93061,132.20706666666666,131.2293,151.24166666666667
2022-10-01,95.71520333333332,147.9545,104.0,89.59565333333335,98.05384333333332,128.54446666666666,98.58223,106.94596666666666,117.08986666666665,118.7506,104.4612,183.4928,90.05714333333333,128.9582,126.50630000000001,145.98853333333332
2023-01-01,96.45618666666667,140.74073333333334,104.10526666666668,91.44957333333333,97.30781666666667,129.45726666666667,98.58549,106.67123333333332,118.07893333333334,120.96913333333333,104.56416666666667,176.6552,99.20000666666665,127.44203333333333,125.49106666666667,141.35623333333334
2023-04-01,95.03866,132.80076666666665,102.91226666666667,87.6778,94.22640333333334,127.83013333333334,99.39051666666667,106.77426666666668,116.5573,120.11286666666666,103.77486666666665,180.07399999999998,98.54693666666667,127.22550000000001,120.76806666666666,144.69913333333332
2023-07-01,92.84793666666667,130.42843333333334,102.98246666666667,87.48602,93.35063333333333,125.56803333333333,99.06785666666667,105.16013333333335,114.73133333333334,121.78653333333334,103.36306666666667,154.45846666666668,95.05306,120.25126666666667,118.78173333333332,142.69343333333333
2023-10-01,91.43041333333333,134.35003333333333,102.35090000000001,87.70976666666667,94.64807,125.17113333333333,99.43289,104.0268,113.9705,125.21163333333334,103.12286666666667,159.86733333333333,98.44897666666667,123.4568,120.7239,144.03056666666666
2024-01-01,91.10825,132.3166,100.45613333333334,87.90154666666666,99.02691333333333,121.20253333333334,99.52414666666668,102.89343333333333,114.16073333333334,125.4452,105.45643333333334,145.06953333333334,94.82448666666666,123.5434,118.03133333333334,145.74976666666666
2024-04-01,90.04510666666665,133.04286666666667,99.36842333333334,88.31708666666667,95.94550666666667,120.64686666666667,99.56325,103.40863333333334,112.41083333333334,130.6607,103.84349999999999,155.6321,97.76326666666667,123.32686666666666,118.51686666666666,150.04776666666666
2024-07-01,89.01417666666667,132.55870000000002,98.35087666666668,84.83299000000001,93.05871,121.67873333333334,99.57956,103.40859999999999,117.31813333333332,128.63673333333332,103.0199,163.54123333333334,97.50204333333333,121.8107,116.39816666666667,151.1939
2024-10-01,88.40206,125.4902,97.85964666666666,87.51798000000001,94.2264,119.496,98.99941333333334,103.20256666666667,115.22586666666666,128.83136666666667,104.42686666666667,169.76656666666665,99.13471,124.23653333333334,121.29773333333333,149.52243333333334
2025-01-01,89.07860999999998,127.32996666666666,98.38596333333334,88.09333666666667,96.69153333333334,122.79,99.38074333333333,104.1298,115.6443,130.505,104.73576666666666,192.52453333333332,94.66122333333334,122.85033333333332,120.10593333333334,156.92456666666666
2025-04-01,88.75644666666666,127.572,98.77193,86.91066000000001,96.98345666666667,122.82963333333333,99.33510333333334,104.40456666666667,117.28006666666666,130.19363333333334,105.31913333333334,187.62596666666664,95.54285666666665,119.73140000000001,123.5489,153.58166666666668
2025-07-01,88.20876333333335,134.49526666666668,98.63158,85.69602333333334,95.62115,123.30590000000001,100.69746666666667,105.3662,115.03566666666667,131.28343333333333,105.45643333333334,185.94209999999998,94.69387666666667,120.68443333333333,117.1044,151.33716666666666
2025-10-01,89.23969,131.68723333333332,99.01754666666666,82.88316999999999,94.64807333333333,123.18683333333333,100.73983333333335,106.12176666666666,117.50833333333333,133.07383333333334,106.1771,183.28869999999998,93.81224333333334,120.46783333333333,122.8868,151.7192
2026-01-01,87.27448,130.7189,98.42105,77.28944,96.04282,125.0124,100.8376,106.2248,115.7204,136.966,104.2896,166.3988,93.64898,120.7277,123.0192,156.7335
