date,country_code,country,series_id,frequency,source,value
1958-01-01,DEU,Germany,DEU.Q.PRVM.IX.BTE.Y._Z._Z.N,Q,OECD,24.00423
1958-04-01,DEU,Germany,DEU.Q.PRVM.IX.BTE.Y._Z._Z.N,Q,OECD,23.82173
1958-07-01,DEU,Germany,DEU.Q.PRVM.IX.BTE.Y._Z._Z.N,Q,OECD,24.06981
1958-10-01,DEU,Germany,DEU.Q.PRVM.IX.BTE.Y._Z._Z.N,Q,OECD,24.3015
1959-01-01,DEU,Germany,DEU.Q.PRVM.IX.BTE.Y._Z._Z.N,Q,OECD,24.46719
1959-04-01,DEU,Germany,DEU.Q.PRVM.IX.BTE.Y._Z._Z.N,Q,OECD,25.23805
1959-07-01,DEU,Germany,DEU.Q.PRVM.IX.BTE.Y._Z._Z.N,Q,OECD,25.98948
1959-10-01,DEU,Germany,DEU.Q.PRVM.IX.BTE.Y._Z._Z.N,Q,OECD,27.08538
1960-01-01,DEU,Germany,DEU.Q.PRVM.IX.BTE.Y._Z._Z.N,Q,OECD,27.53865
1960-04-01,DEU,Germany,DEU.Q.PRVM.IX.BTE.Y._Z._Z.N,Q,OECD,28.18152
1960-07-01,DEU,Germany,DEU.Q.PRVM.IX.BTE.Y._Z._Z.N,Q,OECD,28.98794
1960-10-01,DEU,Germany,DEU.Q.PRVM.IX.BTE.Y._Z._Z.N,Q,OECD,29.73536
1961-01-01,DEU,Germany,DEU.Q.PRVM.IX.BTE.Y._Z._Z.N,Q,OECD,30.55313
1961-04-01,DEU,Germany,DEU.Q.PRVM.IX.BTE.Y._Z._Z.N,Q,OECD,30.36368
1961-07-01,DEU,Germany,DEU.Q.PRVM.IX.BTE.Y._Z._Z.N,Q,OECD,30.63895
1961-10-01,DEU,Germany,DEU.Q.PRVM.IX.BTE.Y._Z._Z.N,Q,OECD,30.77946
1962-01-01,DEU,Germany,DEU.Q.PRVM.IX.BTE.Y._Z._Z.N,Q,OECD,32.58663
1962-04-01,DEU,Germany,DEU.Q.PRVM.IX.BTE.Y._Z._Z.N,Q,OECD,32.73192
1962-07-01,DEU,Germany,DEU.Q.PRVM.IX.BTE.Y._Z._Z.N,Q,OECD,33.81123
1962-10-01,DEU,Germany,DEU.Q.PRVM.IX.BTE.Y._Z._Z.N,Q,OECD,33.3546
1963-01-01,DEU,Germany,DEU.Q.PRVM.IX.BTE.Y._Z._Z.N,Q,OECD,33.14704
1963-04-01,DEU,Germany,DEU.Q.PRVM.IX.BTE.Y._Z._Z.N,Q,OECD,33.93576
1963-07-01,DEU,Germany,DEU.Q.PRVM.IX.BTE.Y._Z._Z.N,Q,OECD,34.86977
1963-10-01,DEU,Germany,DEU.Q.PRVM.IX.BTE.Y._Z._Z.N,Q,OECD,34.99431
1964-01-01,DEU,Germany,DEU.Q.PRVM.IX.BTE.Y._Z._Z.N,Q,OECD,36.36419
1964-04-01,DEU,Germany,DEU.Q.PRVM.IX.BTE.Y._Z._Z.N,Q,OECD,36.46797
1964-07-01,DEU,Germany,DEU.Q.PRVM.IX.BTE.Y._Z._Z.N,Q,OECD,37.42274
1964-10-01,DEU,Germany,DEU.Q.PRVM.IX.BTE.Y._Z._Z.N,Q,OECD,37.96239
1965-01-01,DEU,Germany,DEU.Q.PRVM.IX.BTE.Y._Z._Z.N,Q,OECD,38.87564
1965-04-01,DEU,Germany,DEU.Q.PRVM.IX.BTE.Y._Z._Z.N,Q,OECD,38.81338
1965-07-01,DEU,Germany,DEU.Q.PRVM.IX.BTE.Y._Z._Z.N,Q,OECD,39.14547
1965-10-01,DEU,Germany,DEU.Q.PRVM.IX.BTE.Y._Z._Z.N,Q,OECD,39.43605
1966-01-01,DEU,Germany,DEU.Q.PRVM.IX.BTE.Y._Z._Z.N,Q,OECD,39.9757
1966-04-01,DEU,Germany,DEU.Q.PRVM.IX.BTE.Y._Z._Z.N,Q,OECD,39.89268
1966-07-01,DEU,Germany,DEU.Q.PRVM.IX.BTE.Y._Z._Z.N,Q,OECD,39.47756
1966-10-01,DEU,Germany,DEU.Q.PRVM.IX.BTE.Y._Z._Z.N,Q,OECD,38.66809
1967-01-01,DEU,Germany,DEU.Q.PRVM.IX.BTE.Y._Z._Z.N,Q,OECD,37.485
1967-04-01,DEU,Germany,DEU.Q.PRVM.IX.BTE.Y._Z._Z.N,Q,OECD,37.31896
1967-07-01,DEU,Germany,DEU.Q.PRVM.IX.BTE.Y._Z._Z.N,Q,OECD,38.46053
1967-10-01,DEU,Germany,DEU.Q.PRVM.IX.BTE.Y._Z._Z.N,Q,OECD,40.3078
1968-01-01,DEU,Germany,DEU.Q.PRVM.IX.BTE.Y._Z._Z.N,Q,OECD,39.41529
1968-04-01,DEU,Germany,DEU.Q.PRVM.IX.BTE.Y._Z._Z.N,Q,OECD,41.09652
1968-07-01,DEU,Germany,DEU.Q.PRVM.IX.BTE.Y._Z._Z.N,Q,OECD,42.98529
1968-10-01,DEU,Germany,DEU.Q.PRVM.IX.BTE.Y._Z._Z.N,Q,OECD,44.50047
1969-01-01,DEU,Germany,DEU.Q.PRVM.IX.BTE.Y._Z._Z.N,Q,OECD,45.6628
1969-04-01,DEU,Germany,DEU.Q.PRVM.IX.BTE.Y._Z._Z.N,Q,OECD,46.9289
1969-07-01,DEU,Germany,DEU.Q.PRVM.IX.BTE.Y._Z._Z.N,Q,OECD,48.04972
1969-10-01,DEU,Germany,DEU.Q.PRVM.IX.BTE.Y._Z._Z.N,Q,OECD,49.19128
1970-01-01,DEU,Germany,DEU.Q.PRVM.IX.BTE.Y._Z._Z.N,Q,OECD,49.83472
1970-04-01,DEU,Germany,DEU.Q.PRVM.IX.BTE.Y._Z._Z.N,Q,OECD,50.76873
1970-07-01,DEU,Germany,DEU.Q.PRVM.IX.BTE.Y._Z._Z.N,Q,OECD,50.56117
1970-10-01,DEU,Germany,DEU.Q.PRVM.IX.BTE.Y._Z._Z.N,Q,OECD,50.4989
1971-01-01,DEU,Germany,DEU.Q.PRVM.IX.BTE.Y._Z._Z.N,Q,OECD,51.41216
1971-04-01,DEU,Germany,DEU.Q.PRVM.IX.BTE.Y._Z._Z.N,Q,OECD,51.12158
1971-07-01,DEU,Germany,DEU.Q.PRVM.IX.BTE.Y._Z._Z.N,Q,OECD,50.99704
1971-10-01,DEU,Germany,DEU.Q.PRVM.IX.BTE.Y._Z._Z.N,Q,OECD,50.39512
1972-01-01,DEU,Germany,DEU.Q.PRVM.IX.BTE.Y._Z._Z.N,Q,OECD,51.93105
1972-04-01,DEU,Germany,DEU.Q.PRVM.IX.BTE.Y._Z._Z.N,Q,OECD,52.32541
1972-07-01,DEU,Germany,DEU.Q.PRVM.IX.BTE.Y._Z._Z.N,Q,OECD,52.53297
1972-10-01,DEU,Germany,DEU.Q.PRVM.IX.BTE.Y._Z._Z.N,Q,OECD,54.02739
1973-01-01,DEU,Germany,DEU.Q.PRVM.IX.BTE.Y._Z._Z.N,Q,OECD,55.75012
1973-04-01,DEU,Germany,DEU.Q.PRVM.IX.BTE.Y._Z._Z.N,Q,OECD,55.97844
1973-07-01,DEU,Germany,DEU.Q.PRVM.IX.BTE.Y._Z._Z.N,Q,OECD,55.77088
1973-10-01,DEU,Germany,DEU.Q.PRVM.IX.BTE.Y._Z._Z.N,Q,OECD,56.24826
1974-01-01,DEU,Germany,DEU.Q.PRVM.IX.BTE.Y._Z._Z.N,Q,OECD,55.93692
1974-04-01,DEU,Germany,DEU.Q.PRVM.IX.BTE.Y._Z._Z.N,Q,OECD,55.97844
1974-07-01,DEU,Germany,DEU.Q.PRVM.IX.BTE.Y._Z._Z.N,Q,OECD,54.79536
1974-10-01,DEU,Germany,DEU.Q.PRVM.IX.BTE.Y._Z._Z.N,Q,OECD,53.09338
1975-01-01,DEU,Germany,DEU.Q.PRVM.IX.BTE.Y._Z._Z.N,Q,OECD,51.51594
1975-04-01,DEU,Germany,DEU.Q.PRVM.IX.BTE.Y._Z._Z.N,Q,OECD,50.95553
1975-07-01,DEU,Germany,DEU.Q.PRVM.IX.BTE.Y._Z._Z.N,Q,OECD,50.83099
1975-10-01,DEU,Germany,DEU.Q.PRVM.IX.BTE.Y._Z._Z.N,Q,OECD,52.90658
1976-01-01,DEU,Germany,DEU.Q.PRVM.IX.BTE.Y._Z._Z.N,Q,OECD,54.48402
1976-04-01,DEU,Germany,DEU.Q.PRVM.IX.BTE.Y._Z._Z.N,Q,OECD,55.52181
1976-07-01,DEU,Germany,DEU.Q.PRVM.IX.BTE.Y._Z._Z.N,Q,OECD,55.33501
1976-10-01,DEU,Germany,DEU.Q.PRVM.IX.BTE.Y._Z._Z.N,Q,OECD,56.35204
1977-01-01,DEU,Germany,DEU.Q.PRVM.IX.BTE.Y._Z._Z.N,Q,OECD,56.80867
1977-04-01,DEU,Germany,DEU.Q.PRVM.IX.BTE.Y._Z._Z.N,Q,OECD,56.53885
1977-07-01,DEU,Germany,DEU.Q.PRVM.IX.BTE.Y._Z._Z.N,Q,OECD,56.22751
1977-10-01,DEU,Germany,DEU.Q.PRVM.IX.BTE.Y._Z._Z.N,Q,OECD,57.2653
1978-01-01,DEU,Germany,DEU.Q.PRVM.IX.BTE.Y._Z._Z.N,Q,OECD,56.70489
1978-04-01,DEU,Germany,DEU.Q.PRVM.IX.BTE.Y._Z._Z.N,Q,OECD,56.33129
1978-07-01,DEU,Germany,DEU.Q.PRVM.IX.BTE.Y._Z._Z.N,Q,OECD,58.28233
1978-10-01,DEU,Germany,DEU.Q.PRVM.IX.BTE.Y._Z._Z.N,Q,OECD,59.00879
1979-01-01,DEU,Germany,DEU.Q.PRVM.IX.BTE.Y._Z._Z.N,Q,OECD,58.73896
1979-04-01,DEU,Germany,DEU.Q.PRVM.IX.BTE.Y._Z._Z.N,Q,OECD,60.52396
1979-07-01,DEU,Germany,DEU.Q.PRVM.IX.BTE.Y._Z._Z.N,Q,OECD,61.04286
1979-10-01,DEU,Germany,DEU.Q.PRVM.IX.BTE.Y._Z._Z.N,Q,OECD,61.49949
1980-01-01,DEU,Germany,DEU.Q.PRVM.IX.BTE.Y._Z._Z.N,Q,OECD,62.03913
1980-04-01,DEU,Germany,DEU.Q.PRVM.IX.BTE.Y._Z._Z.N,Q,OECD,60.79379
1980-07-01,DEU,Germany,DEU.Q.PRVM.IX.BTE.Y._Z._Z.N,Q,OECD,60.08809
1980-10-01,DEU,Germany,DEU.Q.PRVM.IX.BTE.Y._Z._Z.N,Q,OECD,59.40315
1981-01-01,DEU,Germany,DEU.Q.PRVM.IX.BTE.Y._Z._Z.N,Q,OECD,59.56919
1981-04-01,DEU,Germany,DEU.Q.PRVM.IX.BTE.Y._Z._Z.N,Q,OECD,59.2371
1981-07-01,DEU,Germany,DEU.Q.PRVM.IX.BTE.Y._Z._Z.N,Q,OECD,59.50693
1981-10-01,DEU,Germany,DEU.Q.PRVM.IX.BTE.Y._Z._Z.N,Q,OECD,59.46542
1982-01-01,DEU,Germany,DEU.Q.PRVM.IX.BTE.Y._Z._Z.N,Q,OECD,59.11256
1982-04-01,DEU,Germany,DEU.Q.PRVM.IX.BTE.Y._Z._Z.N,Q,OECD,58.73896
1982-07-01,DEU,Germany,DEU.Q.PRVM.IX.BTE.Y._Z._Z.N,Q,OECD,56.5596
1982-10-01,DEU,Germany,DEU.Q.PRVM.IX.BTE.Y._Z._Z.N,Q,OECD,55.79163
1983-01-01,DEU,Germany,DEU.Q.PRVM.IX.BTE.Y._Z._Z.N,Q,OECD,56.60111
1983-04-01,DEU,Germany,DEU.Q.PRVM.IX.BTE.Y._Z._Z.N,Q,OECD,58.05402
1983-07-01,DEU,Germany,DEU.Q.PRVM.IX.BTE.Y._Z._Z.N,Q,OECD,57.41059
1983-10-01,DEU,Germany,DEU.Q.PRVM.IX.BTE.Y._Z._Z.N,Q,OECD,59.29937
1984-01-01,DEU,Germany,DEU.Q.PRVM.IX.BTE.Y._Z._Z.N,Q,OECD,59.65222
1984-04-01,DEU,Germany,DEU.Q.PRVM.IX.BTE.Y._Z._Z.N,Q,OECD,57.20303
1984-07-01,DEU,Germany,DEU.Q.PRVM.IX.BTE.Y._Z._Z.N,Q,OECD,60.21262
1984-10-01,DEU,Germany,DEU.Q.PRVM.IX.BTE.Y._Z._Z.N,Q,OECD,61.04286
1985-01-01,DEU,Germany,DEU.Q.PRVM.IX.BTE.Y._Z._Z.N,Q,OECD,61.68629
1985-04-01,DEU,Germany,DEU.Q.PRVM.IX.BTE.Y._Z._Z.N,Q,OECD,62.14291
1985-07-01,DEU,Germany,DEU.Q.PRVM.IX.BTE.Y._Z._Z.N,Q,OECD,62.68257
1985-10-01,DEU,Germany,DEU.Q.PRVM.IX.BTE.Y._Z._Z.N,Q,OECD,63.36751
1986-01-01,DEU,Germany,DEU.Q.PRVM.IX.BTE.Y._Z._Z.N,Q,OECD,63.59582
1986-04-01,DEU,Germany,DEU.Q.PRVM.IX.BTE.Y._Z._Z.N,Q,OECD,63.76187
1986-07-01,DEU,Germany,DEU.Q.PRVM.IX.BTE.Y._Z._Z.N,Q,OECD,63.82413
1986-10-01,DEU,Germany,DEU.Q.PRVM.IX.BTE.Y._Z._Z.N,Q,OECD,63.57507
1987-01-01,DEU,Germany,DEU.Q.PRVM.IX.BTE.Y._Z._Z.N,Q,OECD,62.97315
1987-04-01,DEU,Germany,DEU.Q.PRVM.IX.BTE.Y._Z._Z.N,Q,OECD,64.23925
1987-07-01,DEU,Germany,DEU.Q.PRVM.IX.BTE.Y._Z._Z.N,Q,OECD,63.65809
1987-10-01,DEU,Germany,DEU.Q.PRVM.IX.BTE.Y._Z._Z.N,Q,OECD,64.84117
1988-01-01,DEU,Germany,DEU.Q.PRVM.IX.BTE.Y._Z._Z.N,Q,OECD,64.92419
1988-04-01,DEU,Germany,DEU.Q.PRVM.IX.BTE.Y._Z._Z.N,Q,OECD,65.71291
1988-07-01,DEU,Germany,DEU.Q.PRVM.IX.BTE.Y._Z._Z.N,Q,OECD,66.46012
1988-10-01,DEU,Germany,DEU.Q.PRVM.IX.BTE.Y._Z._Z.N,Q,OECD,67.76774
1989-01-01,DEU,Germany,DEU.Q.PRVM.IX.BTE.Y._Z._Z.N,Q,OECD,67.87152
1989-04-01,DEU,Germany,DEU.Q.PRVM.IX.BTE.Y._Z._Z.N,Q,OECD,68.82629
1989-07-01,DEU,Germany,DEU.Q.PRVM.IX.BTE.Y._Z._Z.N,Q,OECD,69.86408
1989-10-01,DEU,Germany,DEU.Q.PRVM.IX.BTE.Y._Z._Z.N,Q,OECD,70.8396
1990-01-01,DEU,Germany,DEU.Q.PRVM.IX.BTE.Y._Z._Z.N,Q,OECD,71.62833
1990-04-01,DEU,Germany,DEU.Q.PRVM.IX.BTE.Y._Z._Z.N,Q,OECD,71.93966
1990-07-01,DEU,Germany,DEU.Q.PRVM.IX.BTE.Y._Z._Z.N,Q,OECD,73.74541
1990-10-01,DEU,Germany,DEU.Q.PRVM.IX.BTE.Y._Z._Z.N,Q,OECD,74.57565
1991-01-01,DEU,Germany,DEU.Q.PRVM.IX.BTE.Y._Z._Z.N,Q,OECD,76.30087
1991-04-01,DEU,Germany,DEU.Q.PRVM.IX.BTE.Y._Z._Z.N,Q,OECD,75.32568
1991-07-01,DEU,Germany,DEU.Q.PRVM.IX.BTE.Y._Z._Z.N,Q,OECD,73.98058
1991-10-01,DEU,Germany,DEU.Q.PRVM.IX.BTE.Y._Z._Z.N,Q,OECD,75.12391
1992-01-01,DEU,Germany,DEU.Q.PRVM.IX.BTE.Y._Z._Z.N,Q,OECD,76.50264
1992-04-01,DEU,Germany,DEU.Q.PRVM.IX.BTE.Y._Z._Z.N,Q,OECD,74.6195
1992-07-01,DEU,Germany,DEU.Q.PRVM.IX.BTE.Y._Z._Z.N,Q,OECD,72.26557
1992-10-01,DEU,Germany,DEU.Q.PRVM.IX.BTE.Y._Z._Z.N,Q,OECD,70.68507
1993-01-01,DEU,Germany,DEU.Q.PRVM.IX.BTE.Y._Z._Z.N,Q,OECD,68.06213
1993-04-01,DEU,Germany,DEU.Q.PRVM.IX.BTE.Y._Z._Z.N,Q,OECD,67.12055
1993-07-01,DEU,Germany,DEU.Q.PRVM.IX.BTE.Y._Z._Z.N,Q,OECD,67.0533
1993-10-01,DEU,Germany,DEU.Q.PRVM.IX.BTE.Y._Z._Z.N,Q,OECD,67.6586
1994-01-01,DEU,Germany,DEU.Q.PRVM.IX.BTE.Y._Z._Z.N,Q,OECD,68.26389
1994-04-01,DEU,Germany,DEU.Q.PRVM.IX.BTE.Y._Z._Z.N,Q,OECD,69.17184
1994-07-01,DEU,Germany,DEU.Q.PRVM.IX.BTE.Y._Z._Z.N,Q,OECD,69.44086
1994-10-01,DEU,Germany,DEU.Q.PRVM.IX.BTE.Y._Z._Z.N,Q,OECD,71.6939
1995-01-01,DEU,Germany,DEU.Q.PRVM.IX.BTE.Y._Z._Z.N,Q,OECD,70.81959
1995-04-01,DEU,Germany,DEU.Q.PRVM.IX.BTE.Y._Z._Z.N,Q,OECD,71.02135
1995-07-01,DEU,Germany,DEU.Q.PRVM.IX.BTE.Y._Z._Z.N,Q,OECD,70.3488
1995-10-01,DEU,Germany,DEU.Q.PRVM.IX.BTE.Y._Z._Z.N,Q,OECD,69.47448
1996-01-01,DEU,Germany,DEU.Q.PRVM.IX.BTE.Y._Z._Z.N,Q,OECD,69.54174
1996-04-01,DEU,Germany,DEU.Q.PRVM.IX.BTE.Y._Z._Z.N,Q,OECD,69.94527
1996-07-01,DEU,Germany,DEU.Q.PRVM.IX.BTE.Y._Z._Z.N,Q,OECD,70.41605
1996-10-01,DEU,Germany,DEU.Q.PRVM.IX.BTE.Y._Z._Z.N,Q,OECD,70.78596
1997-01-01,DEU,Germany,DEU.Q.PRVM.IX.BTE.Y._Z._Z.N,Q,OECD,71.15586
1997-04-01,DEU,Germany,DEU.Q.PRVM.IX.BTE.Y._Z._Z.N,Q,OECD,72.0638
1997-07-01,DEU,Germany,DEU.Q.PRVM.IX.BTE.Y._Z._Z.N,Q,OECD,73.039
1997-10-01,DEU,Germany,DEU.Q.PRVM.IX.BTE.Y._Z._Z.N,Q,OECD,74.14871
1998-01-01,DEU,Germany,DEU.Q.PRVM.IX.BTE.Y._Z._Z.N,Q,OECD,75.76283
1998-04-01,DEU,Germany,DEU.Q.PRVM.IX.BTE.Y._Z._Z.N,Q,OECD,75.7292
1998-07-01,DEU,Germany,DEU.Q.PRVM.IX.BTE.Y._Z._Z.N,Q,OECD,75.76283
1998-10-01,DEU,Germany,DEU.Q.PRVM.IX.BTE.Y._Z._Z.N,Q,OECD,74.78764
1999-01-01,DEU,Germany,DEU.Q.PRVM.IX.BTE.Y._Z._Z.N,Q,OECD,75.09028
1999-04-01,DEU,Germany,DEU.Q.PRVM.IX.BTE.Y._Z._Z.N,Q,OECD,75.79646
1999-07-01,DEU,Germany,DEU.Q.PRVM.IX.BTE.Y._Z._Z.N,Q,OECD,76.9398
1999-10-01,DEU,Germany,DEU.Q.PRVM.IX.BTE.Y._Z._Z.N,Q,OECD,77.74686
2000-01-01,DEU,Germany,DEU.Q.PRVM.IX.BTE.Y._Z._Z.N,Q,OECD,80.28351
2000-04-01,DEU,Germany,DEU.Q.PRVM.IX.BTE.Y._Z._Z.N,Q,OECD,82.44201
2000-07-01,DEU,Germany,DEU.Q.PRVM.IX.BTE.Y._Z._Z.N,Q,OECD,83.85954
2000-10-01,DEU,Germany,DEU.Q.PRVM.IX.BTE.Y._Z._Z.N,Q,OECD,84.1817
2001-01-01,DEU,Germany,DEU.Q.PRVM.IX.BTE.Y._Z._Z.N,Q,OECD,84.5683
2001-04-01,DEU,Germany,DEU.Q.PRVM.IX.BTE.Y._Z._Z.N,Q,OECD,83.60181
2001-07-01,DEU,Germany,DEU.Q.PRVM.IX.BTE.Y._Z._Z.N,Q,OECD,82.76418
2001-10-01,DEU,Germany,DEU.Q.PRVM.IX.BTE.Y._Z._Z.N,Q,OECD,80.96005
2002-01-01,DEU,Germany,DEU.Q.PRVM.IX.BTE.Y._Z._Z.N,Q,OECD,81.37887
2002-04-01,DEU,Germany,DEU.Q.PRVM.IX.BTE.Y._Z._Z.N,Q,OECD,82.05541
2002-07-01,DEU,Germany,DEU.Q.PRVM.IX.BTE.Y._Z._Z.N,Q,OECD,82.57088
2002-10-01,DEU,Germany,DEU.Q.PRVM.IX.BTE.Y._Z._Z.N,Q,OECD,82.21649
2003-01-01,DEU,Germany,DEU.Q.PRVM.IX.BTE.Y._Z._Z.N,Q,OECD,82.63531
2003-04-01,DEU,Germany,DEU.Q.PRVM.IX.BTE.Y._Z._Z.N,Q,OECD,81.95876
2003-07-01,DEU,Germany,DEU.Q.PRVM.IX.BTE.Y._Z._Z.N,Q,OECD,81.76546
2003-10-01,DEU,Germany,DEU.Q.PRVM.IX.BTE.Y._Z._Z.N,Q,OECD,83.63402
2004-01-01,DEU,Germany,DEU.Q.PRVM.IX.BTE.Y._Z._Z.N,Q,OECD,84.08505
2004-04-01,DEU,Germany,DEU.Q.PRVM.IX.BTE.Y._Z._Z.N,Q,OECD,85.18041
2004-07-01,DEU,Germany,DEU.Q.PRVM.IX.BTE.Y._Z._Z.N,Q,OECD,85.47036
2004-10-01,DEU,Germany,DEU.Q.PRVM.IX.BTE.Y._Z._Z.N,Q,OECD,85.18041
2005-01-01,DEU,Germany,DEU.Q.PRVM.IX.BTE.Y._Z._Z.N,Q,OECD,86.27577
2005-04-01,DEU,Germany,DEU.Q.PRVM.IX.BTE.Y._Z._Z.N,Q,OECD,87.1134
2005-07-01,DEU,Germany,DEU.Q.PRVM.IX.BTE.Y._Z._Z.N,Q,OECD,88.24098
2005-10-01,DEU,Germany,DEU.Q.PRVM.IX.BTE.Y._Z._Z.N,Q,OECD,89.88402
2006-01-01,DEU,Germany,DEU.Q.PRVM.IX.BTE.Y._Z._Z.N,Q,OECD,90.39948
2006-04-01,DEU,Germany,DEU.Q.PRVM.IX.BTE.Y._Z._Z.N,Q,OECD,92.20361
2006-07-01,DEU,Germany,DEU.Q.PRVM.IX.BTE.Y._Z._Z.N,Q,OECD,94.07217
2006-10-01,DEU,Germany,DEU.Q.PRVM.IX.BTE.Y._Z._Z.N,Q,OECD,95.03866
2007-01-01,DEU,Germany,DEU.Q.PRVM.IX.BTE.Y._Z._Z.N,Q,OECD,96.61727
2007-04-01,DEU,Germany,DEU.Q.PRVM.IX.BTE.Y._Z._Z.N,Q,OECD,97.68041
2007-07-01,DEU,Germany,DEU.Q.PRVM.IX.BTE.Y._Z._Z.N,Q,OECD,99.48454
2007-10-01,DEU,Germany,DEU.Q.PRVM.IX.BTE.Y._Z._Z.N,Q,OECD,100.4188
2008-01-01,DEU,Germany,DEU.Q.PRVM.IX.BTE.Y._Z._Z.N,Q,OECD,101.482
2008-04-01,DEU,Germany,DEU.Q.PRVM.IX.BTE.Y._Z._Z.N,Q,OECD,100.6765
2008-07-01,DEU,Germany,DEU.Q.PRVM.IX.BTE.Y._Z._Z.N,Q,OECD,99.45232
2008-10-01,DEU,Germany,DEU.Q.PRVM.IX.BTE.Y._Z._Z.N,Q,OECD,92.68686
2009-01-01,DEU,Germany,DEU.Q.PRVM.IX.BTE.Y._Z._Z.N,Q,OECD,81.0567
2009-04-01,DEU,Germany,DEU.Q.PRVM.IX.BTE.Y._Z._Z.N,Q,OECD,80.50902
2009-07-01,DEU,Germany,DEU.Q.PRVM.IX.BTE.Y._Z._Z.N,Q,OECD,83.44072
2009-10-01,DEU,Germany,DEU.Q.PRVM.IX.BTE.Y._Z._Z.N,Q,OECD,84.82603
2010-01-01,DEU,Germany,DEU.Q.PRVM.IX.BTE.Y._Z._Z.N,Q,OECD,86.50129
2010-04-01,DEU,Germany,DEU.Q.PRVM.IX.BTE.Y._Z._Z.N,Q,OECD,90.91495
2010-07-01,DEU,Germany,DEU.Q.PRVM.IX.BTE.Y._Z._Z.N,Q,OECD,92.3969
2010-10-01,DEU,Germany,DEU.Q.PRVM.IX.BTE.Y._Z._Z.N,Q,OECD,95.81186
2011-01-01,DEU,Germany,DEU.Q.PRVM.IX.BTE.Y._Z._Z.N,Q,OECD,96.93943
2011-04-01,DEU,Germany,DEU.Q.PRVM.IX.BTE.Y._Z._Z.N,Q,OECD,97.84149
2011-07-01,DEU,Germany,DEU.Q.PRVM.IX.BTE.Y._Z._Z.N,Q,OECD,99.19459
2011-10-01,DEU,Germany,DEU.Q.PRVM.IX.BTE.Y._Z._Z.N,Q,OECD,98.26031
2012-01-01,DEU,Germany,DEU.Q.PRVM.IX.BTE.Y._Z._Z.N,Q,OECD,98.2281
2012-04-01,DEU,Germany,DEU.Q.PRVM.IX.BTE.Y._Z._Z.N,Q,OECD,98.16366
2012-07-01,DEU,Germany,DEU.Q.PRVM.IX.BTE.Y._Z._Z.N,Q,OECD,98.48582
2012-10-01,DEU,Germany,DEU.Q.PRVM.IX.BTE.Y._Z._Z.N,Q,OECD,96.06959
2013-01-01,DEU,Germany,DEU.Q.PRVM.IX.BTE.Y._Z._Z.N,Q,OECD,96.32732
2013-04-01,DEU,Germany,DEU.Q.PRVM.IX.BTE.Y._Z._Z.N,Q,OECD,97.68041
2013-07-01,DEU,Germany,DEU.Q.PRVM.IX.BTE.Y._Z._Z.N,Q,OECD,98.2281
2013-10-01,DEU,Germany,DEU.Q.PRVM.IX.BTE.Y._Z._Z.N,Q,OECD,99.16237
2014-01-01,DEU,Germany,DEU.Q.PRVM.IX.BTE.Y._Z._Z.N,Q,OECD,99.25902
2014-04-01,DEU,Germany,DEU.Q.PRVM.IX.BTE.Y._Z._Z.N,Q,OECD,98.77577
2014-07-01,DEU,Germany,DEU.Q.PRVM.IX.BTE.Y._Z._Z.N,Q,OECD,98.74355
2014-10-01,DEU,Germany,DEU.Q.PRVM.IX.BTE.Y._Z._Z.N,Q,OECD,99.93557
2015-01-01,DEU,Germany,DEU.Q.PRVM.IX.BTE.Y._Z._Z.N,Q,OECD,99.29124
2015-04-01,DEU,Germany,DEU.Q.PRVM.IX.BTE.Y._Z._Z.N,Q,OECD,100.5155
2015-07-01,DEU,Germany,DEU.Q.PRVM.IX.BTE.Y._Z._Z.N,Q,OECD,100.3544
2015-10-01,DEU,Germany,DEU.Q.PRVM.IX.BTE.Y._Z._Z.N,Q,OECD,99.83892
2016-01-01,DEU,Germany,DEU.Q.PRVM.IX.BTE.Y._Z._Z.N,Q,OECD,100.9021
2016-04-01,DEU,Germany,DEU.Q.PRVM.IX.BTE.Y._Z._Z.N,Q,OECD,100.5155
2016-07-01,DEU,Germany,DEU.Q.PRVM.IX.BTE.Y._Z._Z.N,Q,OECD,100.8698
2016-10-01,DEU,Germany,DEU.Q.PRVM.IX.BTE.Y._Z._Z.N,Q,OECD,100.9665
2017-01-01,DEU,Germany,DEU.Q.PRVM.IX.BTE.Y._Z._Z.N,Q,OECD,101.4497
2017-04-01,DEU,Germany,DEU.Q.PRVM.IX.BTE.Y._Z._Z.N,Q,OECD,103.4472
2017-07-01,DEU,Germany,DEU.Q.PRVM.IX.BTE.Y._Z._Z.N,Q,OECD,105.1546
2017-10-01,DEU,Germany,DEU.Q.PRVM.IX.BTE.Y._Z._Z.N,Q,OECD,105.8956
2018-01-01,DEU,Germany,DEU.Q.PRVM.IX.BTE.Y._Z._Z.N,Q,OECD,105.3157
2018-04-01,DEU,Germany,DEU.Q.PRVM.IX.BTE.Y._Z._Z.N,Q,OECD,106.0889
2018-07-01,DEU,Germany,DEU.Q.PRVM.IX.BTE.Y._Z._Z.N,Q,OECD,105.1224
2018-10-01,DEU,Germany,DEU.Q.PRVM.IX.BTE.Y._Z._Z.N,Q,OECD,103.576
2019-01-01,DEU,Germany,DEU.Q.PRVM.IX.BTE.Y._Z._Z.N,Q,OECD,103.3827
2019-04-01,DEU,Germany,DEU.Q.PRVM.IX.BTE.Y._Z._Z.N,Q,OECD,102.2874
2019-07-01,DEU,Germany,DEU.Q.PRVM.IX.BTE.Y._Z._Z.N,Q,OECD,101.1276
2019-10-01,DEU,Germany,DEU.Q.PRVM.IX.BTE.Y._Z._Z.N,Q,OECD,99.45232
2020-01-01,DEU,Germany,DEU.Q.PRVM.IX.BTE.Y._Z._Z.N,Q,OECD,97.93814
2020-04-01,DEU,Germany,DEU.Q.PRVM.IX.BTE.Y._Z._Z.N,Q,OECD,80.15464
2020-07-01,DEU,Germany,DEU.Q.PRVM.IX.BTE.Y._Z._Z.N,Q,OECD,91.65593
2020-10-01,DEU,Germany,DEU.Q.PRVM.IX.BTE.Y._Z._Z.N,Q,OECD,97.48711
2021-01-01,DEU,Germany,DEU.Q.PRVM.IX.BTE.Y._Z._Z.N,Q,OECD,97.29382
2021-04-01,DEU,Germany,DEU.Q.PRVM.IX.BTE.Y._Z._Z.N,Q,OECD,96.52062
2021-07-01,DEU,Germany,DEU.Q.PRVM.IX.BTE.Y._Z._Z.N,Q,OECD,93.81443
2021-10-01,DEU,Germany,DEU.Q.PRVM.IX.BTE.Y._Z._Z.N,Q,OECD,96.61727
2022-01-01,DEU,Germany,DEU.Q.PRVM.IX.BTE.Y._Z._Z.N,Q,OECD,95.84407
2022-04-01,DEU,Germany,DEU.Q.PRVM.IX.BTE.Y._Z._Z.N,Q,OECD,95.42525
2022-07-01,DEU,Germany,DEU.Q.PRVM.IX.BTE.Y._Z._Z.N,Q,OECD,96.19846
2022-10-01,DEU,Germany,DEU.Q.PRVM.IX.BTE.Y._Z._Z.N,Q,OECD,95.71521
2023-01-01,DEU,Germany,DEU.Q.PRVM.IX.BTE.Y._Z._Z.N,Q,OECD,96.45618
2023-04-01,DEU,Germany,DEU.Q.PRVM.IX.BTE.Y._Z._Z.N,Q,OECD,95.03866
2023-07-01,DEU,Germany,DEU.Q.PRVM.IX.BTE.Y._Z._Z.N,Q,OECD,92.84794
2023-10-01,DEU,Germany,DEU.Q.PRVM.IX.BTE.Y._Z._Z.N,Q,OECD,91.43041
2024-01-01,DEU,Germany,DEU.Q.PRVM.IX.BTE.Y._Z._Z.N,Q,OECD,91.10825
2024-04-01,DEU,Germany,DEU.Q.PRVM.IX.BTE.Y._Z._Z.N,Q,OECD,90.0451
2024-07-01,DEU,Germany,DEU.Q.PRVM.IX.BTE.Y._Z._Z.N,Q,OECD,89.01418
2024-10-01,DEU,Germany,DEU.Q.PRVM.IX.BTE.Y._Z._Z.N,Q,OECD,88.40206
2025-01-01,DEU,Germany,DEU.Q.PRVM.IX.BTE.Y._Z._Z.N,Q,OECD,89.07861
2025-04-01,DEU,Germany,DEU.Q.PRVM.IX.BTE.Y._Z._Z.N,Q,OECD,88.75645
2025-07-01,DEU,Germany,DEU.Q.PRVM.IX.BTE.Y._Z._Z.N,Q,OECD,88.20876
2025-10-01,DEU,Germany,DEU.Q.PRVM.IX.BTE.Y._Z._Z.N,Q,OECD,89.23969
