observation_date,SVKPRINTO01GPSAM
1989-02-01,2.3254639127902701
1989-03-01,-7.8397351287880896
1989-04-01,5.2276478725791904
1989-05-01,0.2006421740029740
1989-06-01,11.6264395518977999
1989-07-01,-19.5318199693337000
1989-08-01,-18.4000862394038016
1989-09-01,26.3102417394301007
1989-10-01,-0.3148749616273870
1989-11-01,35.1287580086736000
1989-12-01,6.6850527239509905
1990-01-01,-30.9630542030981992
1990-02-01,5.2983421707065004
1990-03-01,-1.4748203424002500
1990-04-01,8.2360037335212706
1990-05-01,-0.6447653264285870
1990-06-01,-5.4833056469676196
1990-07-01,14.6512051444102003
1990-08-01,-7.8270846489855908
1990-09-01,-10.2764283689732991
1990-10-01,29.4610652772656998
1990-11-01,-29.8253265391705007
1990-12-01,-13.4201554769525995
1991-01-01,33.7751368777043979
1991-02-01,-8.1444599236674495
1991-03-01,10.5523775618319000
1991-04-01,-19.0335361079356993
1991-05-01,-5.8466036769874892
1991-06-01,-0.3572114268225460
1991-07-01,-2.5796537106601201
1991-08-01,-1.0188417595116901
1991-09-01,-1.6900183240505400
1991-10-01,2.0255485145227499
1991-11-01,-0.5943501379150340
1991-12-01,-2.8329829154011201
1992-01-01,1.7843296432110001
1992-02-01,-4.2418668247530800
1992-03-01,12.4970973595775003
1992-04-01,-7.4065315745095202
1992-05-01,-6.0969619255574203
1992-06-01,6.0563352874541296
1992-07-01,0.8299081650968710
1992-08-01,-1.8980315087878099
1992-09-01,4.4645034446152003
1992-10-01,-2.6063739760651901
1992-11-01,-2.2395756581131501
1992-12-01,1.7752058043539500
1993-01-01,1.6400538963452100
1993-02-01,-0.3413880607930130
1993-03-01,-5.1967496169818004
1993-04-01,0.5527824751588640
1993-05-01,-0.8646971721600890
1993-06-01,-1.6818768796263299
1993-07-01,-2.5804826481782701
1993-08-01,6.4358143938066892
1993-09-01,-1.9313019724716400
1993-10-01,-1.9853448555231501
1993-11-01,4.0105385382222201
1993-12-01,0.7884007908880660
1994-01-01,-1.7608032058447201
1994-02-01,2.4686153377764701
1994-03-01,1.1695465681193400
1994-04-01,-2.0502319910691602
1994-05-01,4.0272697905242802
1994-06-01,1.1524825493015600
1994-07-01,4.0590333653195598
1994-08-01,-5.2679456951700896
1994-09-01,-3.1460915889058998
1994-10-01,3.0358594957794200
1994-11-01,0.4316037491637560
1994-12-01,5.8332104552818498
1995-01-01,-7.1325671627067804
1995-02-01,4.7404499597268197
1995-03-01,1.1593755893834601
1995-04-01,3.2454277933967601
1995-05-01,1.4757888001124799
1995-06-01,0.1105924216590500
1995-07-01,0.1402336644487970
1995-08-01,1.3341454746977699
1995-09-01,-0.6560652508846850
1995-10-01,0.5494347655853770
1995-11-01,-0.3840030129458880
1995-12-01,0.2747341328322990
1996-01-01,-1.7580576076643999
1996-02-01,-0.5189620326087721
1996-03-01,-0.5475877026262950
1996-04-01,-0.7761675595620130
1996-05-01,2.3203947337806299
1996-06-01,0.3131757803295660
1996-07-01,1.1998993959277500
1996-08-01,-0.2454372630605770
1996-09-01,3.1600205520607898
1996-10-01,-0.6961112559366930
1996-11-01,-1.4333967782037500
1996-12-01,-0.2799802254966450
1997-01-01,-3.6036827231292494
1997-02-01,5.0414774880415596
1997-03-01,-2.3859668721596301
1997-04-01,0.1886663602973520
1997-05-01,-0.6324358454907090
1997-06-01,4.9898039931130196
1997-07-01,-2.6283453482253001
1997-08-01,-2.7748652271492000
1997-09-01,1.7344030507880701
1997-10-01,3.7339084380053800
1997-11-01,0.6933843034370610
1997-12-01,-0.3572836247694330
1998-01-01,4.3141407363466797
1998-02-01,-0.6928669688209040
1998-03-01,3.7016188554672498
1998-04-01,-0.4296804338324130
1998-05-01,-4.0705603740407694
1998-06-01,-1.5685394539413300
1998-07-01,1.6781262398510000
1998-08-01,-0.5530562633333400
1998-09-01,-1.4107239066706900
1998-10-01,-1.2254422352185399
1998-11-01,-0.5202546705758480
1998-12-01,-0.9096526950484020
1999-01-01,0.9014224336621800
1999-02-01,-0.7372840680291760
1999-03-01,0.8963069805003830
1999-04-01,0.7262428525905310
1999-05-01,2.6870159203847401
1999-06-01,-3.5153145081659800
1999-07-01,0.2675394359691330
1999-08-01,2.2820934016850800
1999-09-01,-1.5504652568396500
1999-10-01,0.7653644256818470
1999-11-01,1.4234335217220999
1999-12-01,-1.2444976504265000
2000-01-01,1.7374913617520700
2000-02-01,2.0348837209302602
2000-03-01,0.2849002849000910
2000-04-01,1.4204545454547000
2000-05-01,-4.7619047619047903
2000-06-01,-3.2352941176471601
2000-07-01,5.1671732522796896
2000-08-01,1.1560693641619300
2000-09-01,0.2857142857143560
2000-10-01,1.1396011396009200
2000-11-01,0.5633802816903180
2000-12-01,2.8011204481792800
2001-01-01,0.2724795640327790
2001-02-01,-4.8913043478261997
2001-03-01,4.0000000000000497
2001-04-01,-2.4725274725276698
2001-05-01,1.9718309859155301
2001-06-01,3.3149171270719902
2001-07-01,-2.9411764705883101
2001-08-01,0.2754820936639920
2001-09-01,0.5494505494504590
2001-10-01,-0.2732240437159360
2001-11-01,-2.1917808219176500
2001-12-01,-1.1204481792717600
2002-01-01,1.1331444759207201
2002-02-01,4.4817927170868002
2002-03-01,-2.6809651474531000
2002-04-01,3.3057851239668401
2002-05-01,1.8666666666667100
2002-06-01,2.8795811518325598
2002-07-01,0.0000000000000000
2002-08-01,1.0178117048346600
2002-09-01,-1.0075566750630101
2002-10-01,0.2544529262087150
2002-11-01,4.3147208121827800
2002-12-01,0.4866180048660910
2003-01-01,3.1476997578692401
2003-02-01,0.7042253521126530
2003-03-01,0.6993006993006869
2003-04-01,0.9259259259259740
2003-05-01,-0.2293577981652080
2003-06-01,3.2183908045977598
2003-07-01,1.1135857461025600
2003-08-01,-0.4405286343613590
2003-09-01,-0.6637168141592650
2003-10-01,1.3363028953228899
2003-11-01,2.8571428571428501
2003-12-01,2.7777777777777701
2004-01-01,-7.9002079002077901
2004-02-01,6.7720090293453801
2004-03-01,-3.3826638477800901
2004-04-01,-0.8752735229759830
2004-05-01,3.7527593818985001
2004-06-01,-2.7659574468085002
2004-07-01,-0.4376367614880920
2004-08-01,1.0989010989012100
2004-09-01,0.4347826086955610
2004-10-01,1.2987012987012700
2004-11-01,-3.8461538461537295
2004-12-01,14.2222222222221006
2005-01-01,-12.2568093385213999
2005-02-01,-1.1086474501107400
2005-03-01,-0.6726457399102940
2005-04-01,3.3860045146725701
2005-05-01,-0.8733624454146720
2005-06-01,0.2202643171804740
2005-07-01,2.4175824175825000
2005-08-01,-2.3605150214593098
2005-09-01,0.4395604395605710
2005-10-01,2.1881838074398399
2005-11-01,1.2847965738757701
2005-12-01,5.9196617336151105
2006-01-01,-0.7984031936126180
2006-02-01,-2.2132796780684698
2006-03-01,5.3497942386830895
2006-04-01,-0.9765625000001110
2006-05-01,2.3668639053255900
2006-06-01,2.6974951830443601
2006-07-01,2.0637898686677798
2006-08-01,2.2058823529413001
2006-09-01,-0.5395683453238930
2006-10-01,-0.1808318264013180
2006-11-01,1.6304347826086301
2006-12-01,1.2477718360071499
2007-01-01,4.5774647887324003
2007-02-01,-1.6835016835017000
2007-03-01,3.9383561643835598
2007-04-01,-2.3064250411862002
2007-05-01,5.7335581787521601
2007-06-01,-1.9138755980860800
2007-07-01,1.3008130081299900
2007-08-01,-2.2471910112358402
2007-09-01,4.4334975369456604
2007-10-01,-0.1572327044024100
2007-11-01,6.7716535433070897
2007-12-01,-4.5722713864307298
2008-01-01,46.9860896445131075
2008-02-01,0.1051524710831140
2008-03-01,-4.7268907563025904
2008-04-01,3.1973539140021798
2008-05-01,-2.8846153846153002
2008-06-01,-0.6600660066006350
2008-07-01,3.5437430786267701
2008-08-01,-6.6310160427807201
2008-09-01,-1.6036655211913100
2008-10-01,-4.5401629802095398
2008-11-01,0.4878048780486920
2008-12-01,-5.2184466019417597
2009-01-01,-13.8284250960306991
2009-02-01,7.5780089153046708
2009-03-01,0.2762430939226010
2009-04-01,-2.8925619834711300
2009-05-01,2.9787234042553798
2009-06-01,0.2754820936639920
2009-07-01,7.4175824175823202
2009-08-01,4.7314578005115404
2009-09-01,-2.5641025641026101
2009-10-01,-0.5012531328319910
2009-11-01,1.7632241813601000
2009-12-01,6.6831683168317300
2010-01-01,-1.6241299303944601
2010-02-01,-1.5330188679245200
2010-03-01,4.5508982035928707
2010-04-01,0.6872852233676950
2010-05-01,3.1854379977246201
2010-06-01,-0.9922822491730600
2010-07-01,-0.5567928730511820
2010-08-01,0.4479283314668740
2010-09-01,0.1114827201784020
2010-10-01,0.1113585746102870
2010-11-01,-0.4449388209121550
2010-12-01,3.9106145251396303
2011-01-01,0.4301075268817290
2011-02-01,0.0000000000000000
2011-03-01,-1.4989293361884599
2011-04-01,-2.2826086956520899
2011-05-01,2.5583982202447100
2011-06-01,1.0845986984815601
2011-07-01,0.7510729613734000
2011-08-01,0.1064962726303740
2011-09-01,-0.7446808510638390
2011-10-01,1.2861736334405900
2011-11-01,-1.5873015873016501
2011-12-01,6.7741935483871103
2012-01-01,-3.4239677744208699
2012-02-01,0.5213764337851370
2012-03-01,5.1867219917012495
2012-04-01,1.3806706114399800
2012-05-01,1.4591439688715500
2012-06-01,-1.7257909875364901
2012-07-01,0.7804878048783160
2012-08-01,-0.9680542110351520
2012-09-01,4.3010752688165299
2012-10-01,0.3748828491097810
2012-11-01,-1.5873015873015901
2012-12-01,-2.7514231499055102
2013-01-01,-3.8048780487800897
2013-02-01,-0.6085192697768530
2013-03-01,0.1020408163265650
2013-04-01,3.2619775739041401
2013-05-01,-5.3307008884500799
2013-06-01,1.6684045881125900
2013-07-01,-1.6410256410256201
2013-08-01,1.1470281543273499
2013-09-01,4.1237113402061905
2013-10-01,-1.2871287128712801
2013-11-01,2.3069207622868499
2013-12-01,-3.9215686274509904
2014-01-01,1.8367346938776199
2014-02-01,1.6032064128256300
2014-03-01,-0.5917159763313420
2014-04-01,2.6785714285712601
2014-05-01,-0.8695652173910881
2014-06-01,-2.0467836257310301
2014-07-01,1.5920398009954300
2014-08-01,-3.9177277179240098
2014-09-01,2.2426095820590901
2014-10-01,3.6889332003983104
2014-11-01,-0.7692307692300450
2014-12-01,0.2906976744182050
2015-01-01,2.8019323671501200
2015-02-01,-2.2556390977450400
2015-03-01,4.3269230769239506
2015-04-01,-2.0276497695858802
2015-05-01,0.0940733772347713
2015-06-01,0.9398496240594860
2015-07-01,4.0037243947866203
2015-08-01,-10.2059086839751991
2015-09-01,8.6739780658026309
2015-10-01,-0.2752293577977790
2015-11-01,-0.5519779208833400
2015-12-01,-2.6827012025905401
2016-01-01,3.4220532319392500
2016-02-01,0.1838235294118200
2016-03-01,-5.6880733944952899
2016-04-01,6.5175097276259697
2016-05-01,-2.1917808219175501
2016-06-01,1.9607843137256200
2016-07-01,-6.5934065934066703
2016-08-01,7.5490196078428706
2016-09-01,-3.0993618960802700
2016-10-01,2.0696142991539999
2016-11-01,-0.7373271889403290
2016-12-01,0.2785515320330450
2017-01-01,0.1851851851852220
2017-02-01,1.2014787430683100
2017-03-01,1.3698630136985901
2017-04-01,-2.7927927927922900
2017-05-01,0.4633920296567510
2017-06-01,-1.7527675276753500
2017-07-01,-0.0938967136145608
2017-08-01,2.7255639097738298
2017-09-01,1.1893870082341400
2017-10-01,-0.3616636528020910
2017-11-01,2.1778584392011999
2017-12-01,-3.3747779751333500
2018-01-01,-5.0551470588236800
2018-02-01,1.3552758954505699
2018-03-01,-0.3820439350526560
2018-04-01,-0.8628954937677570
2018-05-01,3.2882011605416301
2018-06-01,-0.0936329588020146
2018-07-01,-3.4676663542639399
2018-08-01,5.0485436893199500
2018-09-01,-1.0166358595192400
2018-10-01,-0.8403361344535680
2018-11-01,-2.1657250470811702
2018-12-01,1.2512030798844000
2019-01-01,-0.5703422053233820
2019-02-01,-2.2944550669213402
2019-03-01,3.3268101761252602
2019-04-01,-4.3560606060605904
2019-05-01,0.7920792079208370
2019-06-01,-1.6699410609037599
2019-07-01,-3.2967032967033001
2019-08-01,-1.9628099173553499
2019-09-01,2.6343519494203900
2019-10-01,-1.8480492813142100
2019-11-01,-1.5690376569037201
2019-12-01,-1.0626992561105200
2020-01-01,7.3039742212675201
2020-02-01,-1.6016016016016801
2020-03-01,-15.7680569684639007
2020-04-01,-27.4154589371980002
2020-05-01,17.6372712146423005
2020-06-01,20.5091937765205010
2020-07-01,8.8028169014084092
2020-08-01,3.8834951456310702
2020-09-01,1.3499480789200400
2020-10-01,-0.5122950819671620
2020-11-01,1.9567456230689799
2020-12-01,-0.5050505050504530
2021-01-01,2.3350253807106398
2021-02-01,-0.8928571428571170
2021-03-01,1.7017017017016300
2021-04-01,-1.8700787401574499
2021-05-01,-1.9057171514543301
2021-06-01,2.3517382413087899
2021-07-01,2.9970029970027001
2021-08-01,-4.5586808923372804
2021-09-01,-3.4552845528455598
2021-10-01,3.5789473684210802
2021-11-01,3.5569105691057401
2021-12-01,1.3738959764472400
2022-01-01,1.5488867376577600
2022-02-01,-5.3384175405150396
2022-03-01,-4.2296072507552500
2022-04-01,-0.4206098843323130
2022-05-01,5.4910242872228796
2022-06-01,-5.0050050050050094
2022-07-01,2.8451001053740002
2022-08-01,-2.4590163934425502
2022-09-01,-3.8865546218487697
2022-10-01,-1.2021857923497601
2022-11-01,3.0973451327434200
2022-12-01,0.2145922746780600
2023-01-01,6.4239828693790404
2023-02-01,3.9235412474846898
2023-03-01,-0.7744433688289030
2023-04-01,-3.1219512195117800
2023-05-01,0.7049345417925680
2023-06-01,0.4000000000000230
2023-07-01,-4.1832669322708895
2023-08-01,0.9355509355509110
2023-09-01,0.5149330587023160
2023-10-01,2.8688524590164501
2023-11-01,-2.6892430278884700
2023-12-01,4.8106448311156802
2024-01-01,-4.3945312499999698
2024-02-01,-0.3064351378959000
2024-03-01,-1.3319672131147500
2024-04-01,3.2191069574247599
2024-05-01,-0.1006036217304110
2024-06-01,1.9133937562940500
2024-07-01,-2.5691699604743001
2024-08-01,1.2170385395538399
2024-09-01,0.1002004008016310
2024-10-01,1.6016016016015899
2024-11-01,-1.5763546798029500
2024-12-01,1.8018018018017601
2025-01-01,-7.9646017699115603
2025-02-01,5.6623931623932799
2025-03-01,0.6066734074822830
2025-04-01,0.3015075376884280
2025-05-01,-3.1062124248497400
2025-06-01,-1.7580144777663000
2025-07-01,0.5263157894737300
2025-08-01,0.2094240837696050
2025-09-01,3.3437826541275601
2025-10-01,-2.6289180990900798
2025-11-01,0.8307372793354471
2025-12-01,-4.9433573635428001
